creationDate|PersonId|CityId
01/03/2010 15:10:31|14|1166
01/31/2010 13:13:03|16|1284
01/19/2010 13:51:10|27|1282
01/19/2010 23:03:07|33|969
01/20/2010 07:32:07|42|966
02/20/2010 09:49:47|46|750
01/05/2010 12:12:37|66|177
02/09/2010 22:29:01|71|1321
01/18/2010 02:01:53|100|975
02/19/2010 09:16:53|107|1178
02/19/2010 12:42:14|166|992
01/01/2010 00:46:06|181|1086
01/07/2010 11:20:01|248|1345
01/30/2010 14:23:23|325|1088
01/25/2010 15:10:21|347|313
01/10/2010 13:24:26|375|912
01/17/2010 21:30:24|394|1014
01/27/2010 12:45:36|412|1163
02/24/2010 01:32:19|417|315
02/21/2010 08:17:42|435|409
01/24/2010 20:32:11|448|464
02/21/2010 12:43:33|455|1329
02/25/2010 05:10:38|460|618
02/14/2010 11:35:46|478|835
02/12/2010 08:04:25|483|981
01/27/2010 06:17:13|490|274
01/18/2010 19:11:14|529|829
02/13/2010 19:20:48|555|425
01/12/2010 05:20:36|561|325
01/19/2010 06:03:03|599|1313
01/21/2010 11:16:06|604|461
01/01/2010 15:45:47|659|1086
02/26/2010 00:33:04|673|1363
02/20/2010 02:22:09|690|1039
01/26/2010 01:07:05|699|549
01/12/2010 09:25:40|701|525
01/24/2010 18:46:35|705|1396
01/06/2010 20:28:01|756|1253
01/08/2010 06:00:10|772|1332
02/04/2010 13:58:27|773|904
02/10/2010 00:50:45|783|1379
02/02/2010 22:43:41|786|1084
01/16/2010 02:28:02|796|210
01/09/2010 00:05:21|808|254
02/28/2010 02:08:58|859|262
02/11/2010 11:29:34|881|1408
01/04/2010 12:14:34|903|884
03/03/2010 02:35:31|910|564
01/01/2010 01:54:03|919|1106
02/16/2010 21:41:06|933|1353
01/21/2010 15:34:48|981|1017
01/30/2010 01:23:07|983|1251
01/28/2010 14:38:25|1009|797
01/29/2010 12:22:51|1037|615
01/04/2010 02:16:27|1065|785
01/02/2010 01:16:09|1096|709
01/30/2010 07:53:23|1130|256
02/12/2010 06:42:32|1171|342
01/18/2010 15:00:43|1180|1289
02/04/2010 07:32:20|1204|999
01/18/2010 11:31:34|1223|1350
02/14/2010 03:28:25|1230|877
01/20/2010 13:39:37|1246|402
02/13/2010 16:00:06|1251|1252
03/01/2010 12:32:10|1270|1294
01/04/2010 12:48:38|1286|836
03/02/2010 19:12:56|1295|1323
01/14/2010 19:26:03|1305|1405
02/24/2010 15:27:11|1312|342
01/12/2010 20:54:21|1331|1253
02/05/2010 06:50:23|1344|981
02/19/2010 05:09:34|1355|989
02/19/2010 15:29:38|1364|724
02/20/2010 14:01:08|1374|775
02/14/2010 09:44:01|1382|1046
02/01/2010 14:15:22|1403|702
02/18/2010 11:19:03|1412|231
01/10/2010 01:24:52|1420|885
01/20/2010 20:52:02|1425|342
01/28/2010 20:43:50|1428|930
02/07/2010 21:25:15|1435|902
01/22/2010 08:02:41|1443|1175
02/11/2010 03:52:17|1448|940
02/09/2010 09:59:32|1467|196
02/11/2010 21:38:46|1494|499
01/17/2010 10:03:52|1505|474
02/24/2010 18:37:28|1555|1194
01/13/2010 07:50:27|1582|1018
02/18/2010 10:30:33|1605|136
02/05/2010 20:52:50|1608|1074
02/08/2010 03:36:26|1628|709
02/22/2010 21:53:10|1640|179
01/31/2010 05:28:34|1646|211
01/19/2010 01:02:44|1649|1364
02/06/2010 20:50:18|1661|748
02/15/2010 10:25:53|1681|1058
01/13/2010 03:59:52|1682|532
03/24/2010 18:14:04|2199023255557|1014
04/18/2010 01:27:21|2199023255573|779
03/29/2010 07:12:03|2199023255590|747
03/11/2010 19:37:08|2199023255638|725
04/28/2010 04:16:08|2199023255641|280
03/17/2010 18:26:46|2199023255672|1248
03/19/2010 09:26:49|2199023255686|1259
04/30/2010 16:00:03|2199023255691|534
04/28/2010 03:05:54|2199023255694|184
04/11/2010 11:01:27|2199023255724|557
03/07/2010 09:03:55|2199023255737|724
04/27/2010 23:41:06|2199023255744|149
03/30/2010 11:54:07|2199023255767|1238
03/13/2010 05:17:24|2199023255778|946
03/25/2010 00:31:44|2199023255782|933
04/18/2010 15:20:55|2199023255783|764
04/01/2010 23:23:59|2199023255790|1410
03/16/2010 14:33:04|2199023255797|1300
03/26/2010 00:24:25|2199023255824|255
03/21/2010 19:34:14|2199023255827|311
04/11/2010 10:00:08|2199023255851|624
04/01/2010 13:23:52|2199023255862|745
04/08/2010 08:08:07|2199023255869|1262
03/21/2010 23:37:42|2199023255898|1331
04/17/2010 07:16:53|2199023255905|499
05/01/2010 23:52:56|2199023255937|172
04/20/2010 09:26:18|2199023255949|963
04/22/2010 16:55:39|2199023255978|805
04/28/2010 14:03:11|2199023255989|1314
03/28/2010 18:32:31|2199023255994|1298
03/15/2010 05:55:42|2199023256031|1050
03/21/2010 17:01:57|2199023256048|893
03/31/2010 21:51:21|2199023256055|1016
03/04/2010 12:59:14|2199023256083|599
03/12/2010 15:59:54|2199023256183|1366
03/25/2010 14:51:11|2199023256187|491
03/19/2010 22:00:30|2199023256198|276
04/05/2010 13:12:17|2199023256230|801
03/31/2010 23:42:56|2199023256287|524
04/05/2010 19:32:44|2199023256293|486
04/30/2010 07:21:46|2199023256294|1032
04/22/2010 15:40:25|2199023256302|523
04/03/2010 04:52:48|2199023256303|398
04/07/2010 05:26:31|2199023256304|1009
04/25/2010 15:49:34|2199023256313|115
03/15/2010 21:11:08|2199023256317|334
03/20/2010 14:44:29|2199023256361|604
04/03/2010 12:37:15|2199023256363|805
04/16/2010 13:44:31|2199023256377|936
03/31/2010 23:44:35|2199023256383|198
04/02/2010 10:46:27|2199023256425|520
03/10/2010 12:13:02|2199023256440|255
04/15/2010 16:34:53|2199023256446|1417
04/03/2010 00:08:45|2199023256458|1197
04/19/2010 22:50:49|2199023256472|978
04/19/2010 07:30:16|2199023256479|226
03/18/2010 07:21:22|2199023256503|1325
03/21/2010 04:33:08|2199023256515|1081
03/04/2010 15:00:34|2199023256532|794
04/02/2010 05:48:47|2199023256554|119
03/11/2010 07:34:38|2199023256557|899
05/02/2010 11:15:54|2199023256562|372
03/29/2010 20:53:22|2199023256567|294
03/30/2010 11:07:03|2199023256573|938
04/11/2010 13:00:23|2199023256576|274
04/09/2010 17:10:30|2199023256599|890
03/13/2010 05:20:36|2199023256608|421
04/06/2010 02:27:53|2199023256616|467
04/03/2010 00:42:39|2199023256657|1342
04/08/2010 04:15:35|2199023256666|182
03/21/2010 20:09:23|2199023256697|161
04/14/2010 16:11:36|2199023256720|464
03/16/2010 17:45:16|2199023256738|1094
03/27/2010 18:21:51|2199023256752|1308
04/13/2010 03:35:22|2199023256791|955
04/27/2010 04:53:03|2199023256810|414
04/15/2010 06:45:16|2199023256818|126
05/02/2010 22:41:54|2199023256835|286
04/12/2010 04:32:46|2199023256858|451
03/21/2010 16:23:30|2199023256868|1415
03/06/2010 20:38:41|2199023256889|593
03/09/2010 00:54:20|2199023256904|225
04/06/2010 02:23:38|2199023256905|833
03/27/2010 07:55:56|2199023256914|186
05/03/2010 00:47:06|2199023256946|353
04/04/2010 11:51:19|2199023256965|952
04/28/2010 19:49:17|2199023256978|426
04/30/2010 12:20:54|2199023256981|572
04/04/2010 13:29:17|2199023256990|178
05/03/2010 02:34:44|2199023256999|894
04/17/2010 12:23:48|2199023257001|306
03/20/2010 12:17:17|2199023257003|410
04/30/2010 21:22:52|2199023257005|491
03/19/2010 12:39:12|2199023257024|294
03/25/2010 16:21:36|2199023257093|790
03/22/2010 00:04:22|2199023257100|726
03/11/2010 09:41:54|2199023257110|1004
04/27/2010 14:43:04|2199023257136|117
03/22/2010 01:23:46|2199023257140|155
03/24/2010 23:20:15|2199023257149|761
04/12/2010 05:32:46|2199023257181|184
03/06/2010 08:10:33|2199023257197|482
03/07/2010 12:29:26|2199023257212|1162
03/31/2010 11:44:45|2199023257247|766
06/17/2010 07:12:54|4398046511147|148
05/23/2010 10:03:28|4398046511151|1356
06/05/2010 09:51:36|4398046511152|1249
06/13/2010 23:01:21|4398046511158|131
05/08/2010 15:53:44|4398046511168|1061
05/10/2010 08:03:59|4398046511169|1203
05/30/2010 03:58:20|4398046511172|791
06/22/2010 02:02:36|4398046511176|1295
05/29/2010 23:42:58|4398046511181|605
06/06/2010 11:51:48|4398046511219|445
06/08/2010 04:06:31|4398046511230|1217
06/14/2010 14:09:58|4398046511247|1142
06/09/2010 19:11:38|4398046511255|957
05/12/2010 06:09:35|4398046511273|190
05/23/2010 20:26:46|4398046511290|1005
05/22/2010 18:03:59|4398046511302|829
07/02/2010 15:06:54|4398046511304|300
05/07/2010 07:17:33|4398046511348|1429
06/03/2010 21:55:46|4398046511357|607
05/25/2010 11:03:09|4398046511377|961
05/30/2010 15:27:59|4398046511407|1037
05/04/2010 23:46:39|4398046511440|238
05/15/2010 11:40:42|4398046511453|1041
05/20/2010 01:52:44|4398046511458|986
06/29/2010 05:46:25|4398046511484|1413
05/13/2010 08:33:29|4398046511549|1160
05/19/2010 08:21:33|4398046511568|1268
05/04/2010 09:32:39|4398046511577|1324
05/11/2010 01:53:17|4398046511591|614
06/10/2010 07:34:29|4398046511595|586
06/29/2010 16:05:47|4398046511602|128
05/13/2010 19:20:49|4398046511608|223
05/08/2010 09:37:09|4398046511613|1054
05/09/2010 20:28:39|4398046511652|1331
05/25/2010 15:15:56|4398046511661|288
06/17/2010 08:49:50|4398046511689|427
06/07/2010 08:06:36|4398046511727|210
05/11/2010 16:13:31|4398046511748|831
05/04/2010 05:26:22|4398046511802|856
06/16/2010 14:26:12|4398046511851|174
06/24/2010 07:54:27|4398046511867|1015
05/12/2010 12:36:59|4398046511870|441
06/28/2010 11:14:01|4398046511908|909
05/19/2010 13:16:43|4398046511926|1312
06/01/2010 14:41:55|4398046511930|570
05/26/2010 11:05:36|4398046511934|267
07/03/2010 21:17:56|4398046511938|636
06/18/2010 19:37:27|4398046511989|598
06/19/2010 09:33:22|4398046511997|487
05/27/2010 14:50:45|4398046512008|268
06/10/2010 09:14:58|4398046512012|1381
06/09/2010 16:59:48|4398046512057|1248
05/18/2010 09:54:44|4398046512103|1125
06/22/2010 13:25:00|4398046512107|1216
05/11/2010 00:33:50|4398046512126|425
05/09/2010 18:51:40|4398046512138|746
05/12/2010 11:38:40|4398046512139|771
05/18/2010 23:57:45|4398046512158|1287
06/16/2010 20:53:47|4398046512162|956
06/05/2010 23:50:42|4398046512163|999
05/16/2010 02:25:25|4398046512175|1309
05/09/2010 00:06:56|4398046512189|194
05/06/2010 02:18:16|4398046512195|1015
05/13/2010 07:38:58|4398046512197|943
05/15/2010 11:48:18|4398046512233|519
05/13/2010 00:09:46|4398046512238|1301
05/18/2010 04:02:37|4398046512247|588
06/25/2010 17:18:43|4398046512254|715
05/04/2010 13:09:48|4398046512269|698
06/29/2010 20:01:29|4398046512273|939
06/13/2010 22:28:57|4398046512286|285
06/04/2010 14:56:55|4398046512291|1359
05/26/2010 05:20:18|4398046512328|236
06/24/2010 06:51:20|4398046512336|879
05/07/2010 04:28:06|4398046512338|146
05/23/2010 02:53:31|4398046512342|1160
06/29/2010 06:39:04|4398046512345|496
05/03/2010 20:36:03|4398046512349|1194
06/29/2010 11:46:59|4398046512351|469
05/06/2010 11:10:31|4398046512359|635
06/08/2010 04:50:44|4398046512360|495
05/13/2010 12:52:10|4398046512371|628
06/07/2010 06:10:47|4398046512388|1391
05/16/2010 09:01:47|4398046512392|1390
06/28/2010 23:28:38|4398046512405|1178
05/14/2010 05:10:26|4398046512406|1040
06/01/2010 07:16:46|4398046512422|1312
06/13/2010 19:18:02|4398046512445|781
05/05/2010 10:16:53|4398046512447|905
05/17/2010 18:51:33|4398046512479|742
06/25/2010 00:50:34|4398046512495|1035
06/24/2010 12:49:24|4398046512502|471
06/06/2010 02:58:42|4398046512570|118
05/12/2010 17:41:47|4398046512582|421
05/27/2010 20:39:35|4398046512585|680
05/24/2010 01:52:53|4398046512621|1047
06/23/2010 03:28:44|4398046512623|266
06/01/2010 16:00:22|4398046512629|793
06/08/2010 18:25:58|4398046512642|260
06/19/2010 22:32:33|4398046512651|692
06/22/2010 11:28:46|4398046512669|1192
05/20/2010 13:58:28|4398046512677|528
05/31/2010 18:50:44|4398046512700|507
05/07/2010 18:05:43|4398046512769|818
05/13/2010 12:10:37|4398046512770|765
05/08/2010 10:55:24|4398046512778|1364
06/19/2010 13:59:26|4398046512803|710
08/12/2010 11:46:56|6597069766697|185
07/20/2010 10:17:42|6597069766709|764
07/19/2010 16:04:54|6597069766712|1086
08/11/2010 07:19:59|6597069766713|698
08/08/2010 13:58:06|6597069766725|695
08/22/2010 10:03:31|6597069766769|161
07/17/2010 06:50:16|6597069766789|1181
07/31/2010 23:29:14|6597069766793|1050
07/21/2010 01:12:13|6597069766802|1207
07/13/2010 10:53:14|6597069766819|1100
08/24/2010 09:41:38|6597069766835|426
08/22/2010 05:33:04|6597069766839|708
07/06/2010 04:38:52|6597069766853|1401
07/21/2010 07:57:23|6597069766869|567
08/05/2010 04:05:09|6597069766895|1433
08/26/2010 03:17:57|6597069766925|640
07/14/2010 01:09:39|6597069766942|769
07/22/2010 17:25:44|6597069766967|1133
08/10/2010 10:23:27|6597069766972|913
07/10/2010 14:17:25|6597069766982|1064
07/10/2010 03:03:22|6597069766995|964
07/26/2010 06:03:13|6597069767006|1262
07/27/2010 13:40:07|6597069767011|1195
08/26/2010 15:44:58|6597069767044|228
07/21/2010 00:17:59|6597069767047|621
08/31/2010 14:33:11|6597069767080|159
07/14/2010 16:52:35|6597069767085|851
08/16/2010 09:03:32|6597069767115|1239
07/08/2010 20:50:06|6597069767176|1250
07/04/2010 10:47:07|6597069767179|1164
07/21/2010 07:57:31|6597069767182|469
08/04/2010 05:43:19|6597069767205|940
08/01/2010 12:49:11|6597069767216|1394
07/29/2010 12:53:18|6597069767221|568
08/10/2010 04:07:53|6597069767262|1168
08/14/2010 03:02:54|6597069767327|1003
07/21/2010 05:50:16|6597069767337|1073
07/18/2010 00:55:17|6597069767351|192
08/06/2010 06:19:27|6597069767362|263
08/03/2010 05:08:54|6597069767372|541
08/30/2010 20:12:04|6597069767381|550
08/14/2010 22:17:56|6597069767390|418
07/25/2010 10:59:00|6597069767411|342
08/24/2010 17:39:39|6597069767418|269
07/27/2010 15:24:17|6597069767446|1097
08/16/2010 11:50:46|6597069767449|1313
07/28/2010 16:07:13|6597069767462|1227
07/31/2010 21:52:20|6597069767468|1306
08/01/2010 01:38:40|6597069767484|591
07/29/2010 06:21:05|6597069767539|451
07/27/2010 22:50:02|6597069767561|238
07/21/2010 03:38:48|6597069767597|659
08/17/2010 04:52:33|6597069767598|796
08/29/2010 17:11:10|6597069767615|1334
08/23/2010 19:29:34|6597069767638|975
07/28/2010 01:50:13|6597069767653|331
08/16/2010 12:09:41|6597069767674|208
08/25/2010 23:50:06|6597069767675|424
08/01/2010 09:57:33|6597069767700|730
07/22/2010 09:20:35|6597069767706|510
07/12/2010 18:44:21|6597069767713|1432
08/18/2010 19:20:17|6597069767722|696
08/23/2010 01:21:27|6597069767723|689
08/19/2010 13:32:35|6597069767744|930
07/28/2010 06:20:41|6597069767767|765
08/26/2010 17:34:13|6597069767781|952
07/04/2010 18:30:24|6597069767811|502
07/08/2010 09:58:51|6597069767816|927
09/01/2010 06:23:40|6597069767834|278
07/06/2010 22:57:34|6597069767839|1242
07/12/2010 04:14:44|6597069767849|844
08/26/2010 14:11:43|6597069767969|820
07/27/2010 15:23:03|6597069767970|669
08/15/2010 19:40:38|6597069767971|1226
08/12/2010 15:22:41|6597069767996|588
07/21/2010 12:46:50|6597069768004|721
07/04/2010 04:58:39|6597069768040|1201
08/31/2010 13:36:05|6597069768067|591
07/04/2010 07:08:02|6597069768129|732
07/24/2010 08:22:44|6597069768144|266
08/01/2010 09:11:47|6597069768148|1068
08/06/2010 22:04:49|6597069768167|1095
07/26/2010 01:32:19|6597069768193|1422
08/28/2010 16:55:33|6597069768234|191
08/13/2010 08:51:04|6597069768249|1131
08/21/2010 17:08:25|6597069768281|968
08/31/2010 14:23:32|6597069768323|1318
08/22/2010 23:43:15|6597069768352|354
10/28/2010 05:49:29|8796093022238|1369
09/17/2010 13:53:30|8796093022260|678
10/25/2010 02:26:51|8796093022282|235
09/22/2010 11:49:26|8796093022283|771
10/09/2010 04:45:29|8796093022302|135
09/29/2010 20:39:56|8796093022362|1314
09/29/2010 18:11:09|8796093022402|1204
09/25/2010 10:40:15|8796093022442|535
09/08/2010 23:45:32|8796093022449|606
11/01/2010 09:06:49|8796093022491|521
10/06/2010 18:20:22|8796093022501|865
10/08/2010 04:36:04|8796093022532|1039
10/07/2010 21:40:59|8796093022572|1326
10/17/2010 00:49:04|8796093022579|119
09/25/2010 13:26:44|8796093022582|570
10/04/2010 20:02:10|8796093022589|268
10/10/2010 12:29:18|8796093022606|968
10/04/2010 17:18:54|8796093022619|537
10/02/2010 21:27:56|8796093022629|1430
09/25/2010 11:04:27|8796093022680|240
09/20/2010 18:17:36|8796093022685|713
10/22/2010 04:48:03|8796093022697|1189
09/09/2010 06:56:56|8796093022715|968
10/30/2010 02:38:15|8796093022726|1084
10/18/2010 18:37:02|8796093022736|716
09/28/2010 21:01:41|8796093022784|992
10/14/2010 08:42:50|8796093022823|405
09/10/2010 10:24:14|8796093022865|591
09/14/2010 19:35:36|8796093022884|720
10/21/2010 13:46:44|8796093022904|112
09/03/2010 15:01:00|8796093022910|751
10/03/2010 09:15:45|8796093022915|395
10/09/2010 01:23:29|8796093022932|192
10/25/2010 12:05:27|8796093022945|216
09/09/2010 17:28:46|8796093022948|651
09/28/2010 09:38:13|8796093022967|1011
10/15/2010 05:22:44|8796093022968|643
10/11/2010 14:27:23|8796093022976|1011
09/23/2010 06:07:38|8796093022986|1095
10/13/2010 17:24:11|8796093022996|923
10/24/2010 11:46:10|8796093023070|1006
10/09/2010 06:29:20|8796093023077|647
09/08/2010 21:20:39|8796093023085|888
10/19/2010 08:07:29|8796093023087|388
09/23/2010 18:01:32|8796093023099|1383
10/19/2010 23:00:29|8796093023100|267
10/07/2010 11:53:23|8796093023117|597
09/04/2010 16:56:53|8796093023143|1377
09/14/2010 22:25:10|8796093023144|1203
10/24/2010 02:09:46|8796093023183|956
09/28/2010 17:47:30|8796093023194|941
09/29/2010 01:53:10|8796093023209|948
10/11/2010 07:42:27|8796093023282|501
10/22/2010 16:18:22|8796093023288|1014
09/06/2010 15:56:07|8796093023289|686
10/04/2010 10:36:31|8796093023290|1407
09/11/2010 03:44:09|8796093023321|716
09/19/2010 20:56:27|8796093023330|696
09/12/2010 21:30:35|8796093023364|1028
10/01/2010 10:23:20|8796093023371|1014
10/13/2010 19:28:02|8796093023387|611
09/08/2010 20:50:05|8796093023402|637
10/25/2010 14:11:27|8796093023425|478
09/10/2010 07:32:55|8796093023477|133
09/25/2010 04:52:34|8796093023500|985
10/05/2010 20:26:51|8796093023518|692
09/30/2010 08:19:08|8796093023536|488
10/12/2010 01:40:55|8796093023537|1393
09/09/2010 17:35:55|8796093023573|1041
09/11/2010 13:19:49|8796093023613|1331
09/27/2010 09:50:03|8796093023614|830
10/03/2010 15:49:11|8796093023616|969
10/16/2010 07:19:36|8796093023625|961
10/13/2010 13:08:20|8796093023653|1153
09/15/2010 17:08:54|8796093023658|401
10/09/2010 06:38:24|8796093023715|172
10/10/2010 13:52:59|8796093023740|582
09/15/2010 05:36:53|8796093023758|1140
10/04/2010 21:41:25|8796093023782|1147
09/21/2010 13:17:15|8796093023802|1014
09/06/2010 13:08:10|8796093023809|1413
09/08/2010 16:32:38|8796093023824|767
11/03/2010 05:35:52|8796093023835|1055
10/07/2010 00:36:12|8796093023851|1141
10/19/2010 00:37:10|8796093023864|1397
09/05/2010 13:59:38|8796093023876|1266
10/27/2010 11:49:33|8796093023891|590
10/17/2010 01:14:03|8796093023892|211
10/23/2010 03:57:57|8796093023895|862
09/22/2010 01:36:46|8796093023896|1386
11/13/2010 15:50:09|10995116277761|1147
12/24/2010 05:25:34|10995116277782|699
11/21/2010 16:16:26|10995116277783|877
11/13/2010 01:22:27|10995116277805|1264
01/01/2011 05:30:08|10995116277819|227
12/22/2010 06:54:53|10995116277851|126
11/09/2010 18:23:53|10995116277889|447
11/22/2010 00:50:41|10995116277892|1122
12/13/2010 08:59:37|10995116277916|1416
12/06/2010 10:22:58|10995116277934|1327
12/31/2010 09:26:24|10995116278006|1020
12/21/2010 00:27:55|10995116278031|618
12/06/2010 21:51:47|10995116278066|426
11/30/2010 13:37:07|10995116278083|1205
12/09/2010 05:20:50|10995116278091|1107
11/09/2010 18:27:17|10995116278104|867
11/14/2010 09:57:19|10995116278132|1222
12/27/2010 01:39:10|10995116278182|677
12/12/2010 11:45:12|10995116278196|1304
12/18/2010 04:30:29|10995116278204|333
12/09/2010 03:23:07|10995116278230|544
12/24/2010 18:17:53|10995116278235|857
11/14/2010 06:15:31|10995116278262|1055
12/28/2010 12:58:21|10995116278271|328
12/12/2010 00:54:32|10995116278274|1395
12/27/2010 07:56:38|10995116278275|767
12/06/2010 00:04:13|10995116278314|1327
12/19/2010 13:28:36|10995116278322|1004
12/01/2010 00:12:38|10995116278326|1444
12/24/2010 20:50:56|10995116278328|547
12/04/2010 23:56:23|10995116278352|1393
11/21/2010 06:20:11|10995116278358|927
11/16/2010 00:20:53|10995116278390|559
11/06/2010 07:50:28|10995116278397|652
11/12/2010 19:30:21|10995116278400|972
11/04/2010 21:15:41|10995116278408|679
12/09/2010 21:17:38|10995116278421|1316
11/16/2010 15:32:42|10995116278434|1379
12/09/2010 22:34:07|10995116278447|252
11/20/2010 00:59:00|10995116278449|876
12/27/2010 01:30:25|10995116278482|229
12/15/2010 08:19:19|10995116278498|916
11/25/2010 01:38:13|10995116278524|564
12/01/2010 14:48:36|10995116278554|410
11/16/2010 04:55:15|10995116278578|483
11/20/2010 11:44:21|10995116278599|824
11/16/2010 16:05:30|10995116278610|205
01/01/2011 17:45:14|10995116278611|130
12/31/2010 04:35:59|10995116278624|1413
11/19/2010 00:29:39|10995116278634|1425
12/27/2010 19:16:42|10995116278656|913
12/28/2010 03:30:09|10995116278691|504
11/30/2010 15:31:52|10995116278710|1328
11/19/2010 10:20:25|10995116278727|824
11/24/2010 16:33:39|10995116278729|929
01/02/2011 00:02:15|10995116278753|413
11/22/2010 21:01:26|10995116278767|543
12/19/2010 12:24:48|10995116278774|635
12/22/2010 03:14:04|10995116278785|1414
12/19/2010 12:44:04|10995116278803|631
12/05/2010 15:34:18|10995116278836|872
12/30/2010 23:57:05|10995116278859|1093
12/06/2010 01:10:19|10995116278912|846
11/17/2010 06:42:45|10995116278952|1182
01/02/2011 07:29:07|10995116278970|357
12/07/2010 04:56:39|10995116278995|855
11/28/2010 09:15:13|10995116278996|477
12/31/2010 20:41:17|10995116279002|1363
11/04/2010 00:45:34|10995116279024|111
12/27/2010 18:32:15|10995116279035|1423
11/13/2010 05:13:19|10995116279037|363
12/14/2010 03:43:50|10995116279045|188
12/27/2010 04:22:14|10995116279084|296
11/28/2010 13:57:16|10995116279093|949
12/09/2010 11:41:21|10995116279130|494
12/03/2010 06:35:41|10995116279153|668
11/08/2010 20:59:40|10995116279162|1310
12/13/2010 01:59:51|10995116279182|1260
11/07/2010 23:24:00|10995116279197|611
12/04/2010 14:00:14|10995116279201|1282
12/16/2010 07:18:26|10995116279215|1062
11/24/2010 22:23:41|10995116279261|1134
12/11/2010 19:24:19|10995116279270|238
12/20/2010 07:28:30|10995116279272|712
12/01/2010 16:49:24|10995116279273|944
11/30/2010 10:30:13|10995116279335|1191
11/26/2010 16:54:43|10995116279339|806
12/23/2010 03:42:44|10995116279358|157
12/28/2010 22:19:17|10995116279363|311
12/29/2010 08:46:47|10995116279364|1421
11/26/2010 13:17:34|10995116279375|684
12/03/2010 09:00:10|10995116279452|1158
02/28/2011 08:13:29|13194139533343|605
01/19/2011 01:26:05|13194139533367|1075
03/02/2011 17:04:21|13194139533372|634
03/03/2011 08:19:36|13194139533439|681
02/27/2011 10:00:17|13194139533448|847
02/22/2011 11:03:00|13194139533457|906
03/04/2011 22:28:31|13194139533467|1321
02/22/2011 08:37:02|13194139533474|965
01/20/2011 00:50:11|13194139533488|1177
03/03/2011 18:30:13|13194139533496|945
02/25/2011 05:17:41|13194139533501|484
01/26/2011 13:21:31|13194139533520|1438
01/20/2011 00:02:57|13194139533545|1385
01/04/2011 17:14:30|13194139533548|971
01/15/2011 11:02:06|13194139533562|273
02/21/2011 06:25:09|13194139533577|1385
01/26/2011 11:57:02|13194139533620|605
01/27/2011 08:09:38|13194139533641|1381
02/22/2011 13:46:39|13194139533645|1145
03/04/2011 14:38:15|13194139533646|922
01/30/2011 02:46:04|13194139533664|178
01/16/2011 17:04:35|13194139533675|1101
01/28/2011 17:06:37|13194139533712|1147
01/16/2011 03:21:25|13194139533714|276
02/25/2011 21:50:40|13194139533721|167
02/03/2011 06:00:52|13194139533727|811
02/13/2011 15:39:45|13194139533732|391
01/12/2011 14:54:31|13194139533740|801
01/11/2011 15:00:38|13194139533743|1258
01/24/2011 12:42:59|13194139533753|403
03/05/2011 18:09:10|13194139533758|1194
01/13/2011 07:45:18|13194139533818|939
02/04/2011 05:25:08|13194139533820|1440
03/02/2011 04:35:11|13194139533839|977
01/07/2011 08:28:18|13194139533901|541
01/25/2011 15:38:23|13194139533919|324
02/11/2011 18:03:25|13194139533931|595
03/01/2011 03:22:56|13194139533940|669
03/01/2011 03:44:55|13194139533965|1017
03/05/2011 19:13:17|13194139533966|984
01/20/2011 09:14:45|13194139534003|264
01/17/2011 04:04:19|13194139534026|257
01/24/2011 01:09:31|13194139534051|782
02/22/2011 17:25:11|13194139534060|1033
02/08/2011 03:30:35|13194139534129|1396
02/09/2011 02:29:39|13194139534169|773
01/30/2011 01:19:47|13194139534173|1122
03/06/2011 09:03:02|13194139534212|986
02/07/2011 13:48:11|13194139534219|1050
02/14/2011 09:51:28|13194139534223|276
02/15/2011 19:41:04|13194139534224|1011
02/28/2011 21:33:07|13194139534228|788
02/18/2011 18:34:29|13194139534238|436
01/27/2011 06:26:19|13194139534261|947
03/05/2011 08:05:57|13194139534284|840
01/20/2011 11:22:24|13194139534338|919
01/05/2011 18:10:03|13194139534340|1080
03/04/2011 11:03:22|13194139534412|759
01/20/2011 04:49:44|13194139534424|711
01/25/2011 05:35:43|13194139534431|475
02/23/2011 05:54:54|13194139534432|667
02/07/2011 11:45:11|13194139534447|772
02/22/2011 22:44:39|13194139534454|187
01/20/2011 02:30:46|13194139534456|724
03/02/2011 23:22:59|13194139534460|1076
01/31/2011 17:21:02|13194139534474|642
01/19/2011 21:10:52|13194139534507|1071
02/10/2011 19:56:34|13194139534509|919
01/13/2011 07:57:53|13194139534524|1069
02/06/2011 11:39:45|13194139534533|262
01/20/2011 17:57:05|13194139534574|1055
02/27/2011 23:55:36|13194139534588|1029
02/09/2011 13:52:30|13194139534592|708
01/09/2011 23:16:24|13194139534610|787
01/15/2011 03:26:33|13194139534651|1383
02/04/2011 14:53:17|13194139534658|835
01/15/2011 02:57:12|13194139534659|661
01/15/2011 07:57:05|13194139534663|1425
01/05/2011 16:55:47|13194139534671|1367
02/05/2011 13:50:28|13194139534699|1307
02/24/2011 15:37:27|13194139534730|1051
01/26/2011 22:00:03|13194139534777|493
02/13/2011 18:20:10|13194139534789|1204
01/13/2011 02:34:44|13194139534792|633
02/22/2011 06:18:32|13194139534868|1158
01/10/2011 15:49:47|13194139534869|411
02/26/2011 14:08:32|13194139534879|991
02/24/2011 13:26:13|13194139534898|567
02/27/2011 19:19:25|13194139534923|888
01/15/2011 12:47:02|13194139534926|687
01/05/2011 03:35:19|13194139534936|1280
01/10/2011 04:36:12|13194139534942|150
01/09/2011 23:05:39|13194139534949|665
01/22/2011 10:21:05|13194139534951|291
02/01/2011 09:27:32|13194139534967|285
01/27/2011 22:09:32|13194139535005|1150
03/12/2011 15:40:42|15393162788877|1410
04/14/2011 16:09:20|15393162788899|786
04/07/2011 16:48:13|15393162788901|407
03/28/2011 19:13:05|15393162788944|791
05/05/2011 06:13:15|15393162788951|234
04/15/2011 19:48:04|15393162788952|314
05/06/2011 19:12:02|15393162788957|976
03/14/2011 08:01:25|15393162788962|137
03/25/2011 09:10:22|15393162788969|226
04/01/2011 12:40:59|15393162788992|126
04/12/2011 10:12:44|15393162789008|353
05/01/2011 17:12:52|15393162789023|1343
04/28/2011 22:16:43|15393162789031|117
04/23/2011 01:34:58|15393162789041|720
04/29/2011 15:02:16|15393162789051|656
03/29/2011 07:47:54|15393162789066|1342
03/29/2011 19:02:55|15393162789081|1173
03/07/2011 07:37:07|15393162789088|113
03/31/2011 21:48:52|15393162789104|755
03/19/2011 12:57:41|15393162789106|154
03/13/2011 23:54:46|15393162789111|529
03/28/2011 18:58:28|15393162789134|1109
04/22/2011 01:41:15|15393162789145|490
03/19/2011 22:59:37|15393162789151|1110
03/14/2011 12:31:09|15393162789178|823
04/28/2011 18:40:16|15393162789253|745
03/10/2011 10:56:27|15393162789263|1342
04/22/2011 19:36:53|15393162789271|798
03/20/2011 01:59:19|15393162789277|1406
03/19/2011 16:00:21|15393162789287|1186
03/23/2011 11:13:52|15393162789322|579
04/01/2011 22:38:28|15393162789325|1227
04/06/2011 18:52:08|15393162789340|409
03/10/2011 16:17:52|15393162789357|1298
04/04/2011 12:24:28|15393162789407|1086
04/09/2011 14:11:47|15393162789420|384
04/22/2011 20:51:18|15393162789443|454
04/15/2011 01:26:07|15393162789464|612
04/12/2011 11:12:46|15393162789466|796
03/31/2011 01:22:31|15393162789532|1132
03/23/2011 14:09:04|15393162789541|762
04/15/2011 12:39:52|15393162789544|819
04/24/2011 01:30:03|15393162789587|814
04/28/2011 01:26:12|15393162789600|1205
03/11/2011 21:02:21|15393162789607|1134
03/08/2011 02:24:49|15393162789639|460
04/27/2011 10:17:09|15393162789655|1042
03/06/2011 19:22:50|15393162789684|567
05/03/2011 23:11:48|15393162789687|1050
03/10/2011 06:06:46|15393162789716|1187
03/13/2011 11:19:57|15393162789718|481
03/18/2011 03:13:39|15393162789727|1143
03/07/2011 21:15:13|15393162789735|713
04/07/2011 06:53:10|15393162789762|383
03/19/2011 19:44:13|15393162789781|1448
04/14/2011 00:46:35|15393162789808|617
04/24/2011 17:28:51|15393162789809|589
03/22/2011 13:06:56|15393162789811|1242
04/11/2011 00:13:52|15393162789820|1271
04/20/2011 16:46:13|15393162789824|832
03/11/2011 13:05:16|15393162789840|305
03/27/2011 23:01:11|15393162789887|1319
04/03/2011 00:45:25|15393162789912|394
04/27/2011 04:26:59|15393162789916|1318
04/13/2011 16:24:30|15393162789919|429
04/16/2011 12:09:54|15393162789958|994
03/09/2011 13:12:51|15393162789990|438
03/23/2011 19:09:11|15393162790015|903
04/04/2011 21:30:54|15393162790022|480
04/27/2011 22:31:18|15393162790023|575
03/09/2011 06:08:40|15393162790040|1176
03/11/2011 05:34:49|15393162790053|1209
03/30/2011 20:12:16|15393162790062|1239
04/15/2011 15:57:35|15393162790063|262
04/09/2011 04:15:11|15393162790071|1104
03/30/2011 15:46:58|15393162790112|662
04/15/2011 10:17:24|15393162790123|525
04/30/2011 19:29:22|15393162790214|240
05/02/2011 22:21:40|15393162790224|769
04/22/2011 11:25:08|15393162790235|876
03/23/2011 02:04:50|15393162790285|491
03/10/2011 01:33:03|15393162790310|436
03/14/2011 11:49:37|15393162790318|964
03/26/2011 12:03:31|15393162790322|348
04/05/2011 02:06:31|15393162790339|1385
04/11/2011 12:32:30|15393162790351|1126
03/31/2011 17:22:19|15393162790355|537
03/18/2011 19:09:19|15393162790368|957
04/01/2011 04:49:07|15393162790380|793
03/15/2011 23:34:50|15393162790390|1418
03/13/2011 22:46:15|15393162790399|706
03/29/2011 21:53:21|15393162790413|252
04/10/2011 15:25:30|15393162790417|726
04/05/2011 23:47:29|15393162790445|649
04/05/2011 00:29:44|15393162790474|381
04/11/2011 22:27:34|15393162790481|795
04/30/2011 18:26:12|15393162790502|623
03/22/2011 23:16:30|15393162790526|858
06/18/2011 21:35:07|17592186044455|858
05/28/2011 09:50:38|17592186044466|1301
05/24/2011 11:38:46|17592186044477|1080
06/17/2011 02:34:25|17592186044479|600
06/23/2011 03:37:10|17592186044513|172
05/17/2011 20:59:39|17592186044525|190
06/08/2011 17:50:47|17592186044534|1130
05/31/2011 16:16:52|17592186044541|1331
05/24/2011 08:35:55|17592186044566|745
05/13/2011 15:19:31|17592186044574|780
05/11/2011 06:27:16|17592186044609|385
07/06/2011 21:16:20|17592186044645|1345
05/14/2011 12:39:42|17592186044648|1168
05/17/2011 03:43:01|17592186044674|843
06/23/2011 19:13:26|17592186044706|755
06/27/2011 18:55:50|17592186044711|522
05/12/2011 15:33:26|17592186044725|1360
06/16/2011 22:56:33|17592186044729|866
05/17/2011 06:33:20|17592186044738|773
05/07/2011 19:37:10|17592186044744|1392
05/10/2011 15:54:39|17592186044794|608
06/11/2011 01:15:39|17592186044798|1042
06/10/2011 15:38:45|17592186044800|510
05/22/2011 07:03:46|17592186044826|578
06/17/2011 11:10:22|17592186044835|622
06/12/2011 12:29:15|17592186044846|892
07/05/2011 05:54:58|17592186044850|1408
06/23/2011 08:58:13|17592186044866|925
06/19/2011 19:12:34|17592186044881|346
05/10/2011 01:40:13|17592186044887|515
05/10/2011 13:05:03|17592186044991|444
06/02/2011 09:49:11|17592186045004|1444
06/14/2011 15:10:43|17592186045029|728
06/02/2011 18:08:59|17592186045034|295
05/20/2011 21:28:56|17592186045041|1254
06/20/2011 20:33:34|17592186045071|121
06/29/2011 04:38:33|17592186045169|747
06/02/2011 08:41:17|17592186045190|1093
05/19/2011 07:12:51|17592186045195|664
06/27/2011 17:58:07|17592186045196|642
05/13/2011 01:03:46|17592186045201|1242
07/06/2011 13:32:50|17592186045203|1069
06/12/2011 02:25:30|17592186045211|289
05/18/2011 11:34:56|17592186045248|883
05/10/2011 03:37:23|17592186045284|146
05/12/2011 13:15:09|17592186045334|1374
06/20/2011 13:30:42|17592186045338|392
06/02/2011 20:36:46|17592186045356|879
06/08/2011 02:16:42|17592186045364|1086
06/11/2011 23:20:47|17592186045371|1374
06/22/2011 08:51:57|17592186045408|755
06/25/2011 01:39:38|17592186045488|1444
06/04/2011 06:02:27|17592186045543|753
05/10/2011 17:29:29|17592186045577|432
06/05/2011 09:56:32|17592186045589|841
06/26/2011 03:05:24|17592186045590|473
05/08/2011 21:10:12|17592186045591|825
06/12/2011 18:24:05|17592186045625|303
05/17/2011 14:20:14|17592186045627|128
05/12/2011 02:09:01|17592186045670|1148
06/06/2011 21:54:13|17592186045677|571
06/05/2011 01:41:59|17592186045681|1179
05/13/2011 09:50:25|17592186045695|670
06/20/2011 01:58:37|17592186045698|1190
06/01/2011 07:56:10|17592186045707|564
06/11/2011 12:02:33|17592186045748|1422
06/07/2011 00:56:00|17592186045782|1276
06/26/2011 05:35:20|17592186045784|1176
06/08/2011 22:23:50|17592186045804|874
06/11/2011 18:43:52|17592186045813|422
06/16/2011 07:36:08|17592186045817|992
07/06/2011 14:11:11|17592186045847|788
06/01/2011 08:35:22|17592186045848|254
06/01/2011 14:55:28|17592186045875|313
06/01/2011 02:20:02|17592186045876|161
06/26/2011 01:11:48|17592186045890|1288
06/12/2011 18:43:04|17592186045913|1341
07/04/2011 22:56:31|17592186045934|376
06/17/2011 18:00:27|17592186045993|510
05/13/2011 15:52:20|17592186045996|366
06/23/2011 08:23:25|17592186046068|1322
05/26/2011 19:26:04|17592186046075|611
06/09/2011 05:25:55|17592186046107|1181
07/26/2011 21:41:34|19791209299968|285
08/04/2011 04:47:58|19791209299987|1452
07/19/2011 06:51:09|19791209299997|452
07/31/2011 00:53:43|19791209300026|1208
08/24/2011 21:32:34|19791209300060|1322
07/18/2011 09:03:42|19791209300072|797
07/21/2011 00:55:54|19791209300092|1304
07/11/2011 01:16:44|19791209300141|390
07/09/2011 22:38:48|19791209300150|1411
09/03/2011 07:19:48|19791209300156|627
09/01/2011 08:49:11|19791209300164|1151
08/26/2011 03:03:14|19791209300172|616
08/18/2011 02:58:17|19791209300177|475
09/04/2011 16:27:00|19791209300182|1390
07/16/2011 04:45:43|19791209300191|163
08/12/2011 05:20:57|19791209300223|597
07/10/2011 21:04:57|19791209300224|1136
07/11/2011 01:49:19|19791209300225|1402
08/03/2011 21:29:58|19791209300227|760
08/06/2011 10:44:13|19791209300316|799
08/27/2011 01:58:00|19791209300319|696
08/20/2011 18:06:42|19791209300333|363
07/07/2011 21:33:40|19791209300358|1254
08/31/2011 06:48:56|19791209300364|346
08/11/2011 00:48:50|19791209300372|598
07/30/2011 10:25:25|19791209300374|593
07/19/2011 18:06:40|19791209300415|781
09/03/2011 05:18:01|19791209300421|212
08/01/2011 19:44:37|19791209300424|183
08/10/2011 12:30:56|19791209300453|1409
08/01/2011 00:00:40|19791209300485|522
08/02/2011 20:33:01|19791209300501|726
09/03/2011 16:48:00|19791209300502|1142
08/17/2011 03:57:08|19791209300504|1356
08/05/2011 13:23:10|19791209300508|370
07/24/2011 15:58:51|19791209300513|608
07/30/2011 12:22:04|19791209300541|1340
07/23/2011 05:21:32|19791209300571|703
08/06/2011 20:14:53|19791209300590|1211
08/20/2011 05:37:38|19791209300601|487
08/01/2011 00:51:52|19791209300613|983
08/08/2011 06:47:05|19791209300650|259
08/26/2011 23:19:22|19791209300651|576
08/25/2011 02:12:55|19791209300656|797
07/17/2011 12:26:13|19791209300735|1227
08/29/2011 05:53:03|19791209300744|191
07/15/2011 05:27:20|19791209300752|1414
07/16/2011 01:20:33|19791209300778|336
09/06/2011 11:46:22|19791209300782|1140
07/08/2011 15:28:58|19791209300789|377
07/16/2011 10:52:47|19791209300812|936
07/21/2011 05:51:14|19791209300814|199
09/04/2011 15:02:39|19791209300828|295
07/08/2011 20:17:20|19791209300870|473
08/30/2011 21:35:33|19791209300925|513
08/10/2011 17:14:17|19791209300926|228
08/30/2011 15:10:14|19791209300953|248
08/16/2011 15:38:48|19791209300956|174
07/11/2011 15:19:54|19791209300985|1130
09/03/2011 12:05:03|19791209301021|703
07/09/2011 17:33:22|19791209301047|775
08/21/2011 12:55:18|19791209301084|584
08/25/2011 16:54:12|19791209301104|604
08/03/2011 03:12:25|19791209301186|724
09/01/2011 06:40:03|19791209301241|341
07/31/2011 00:02:26|19791209301265|1080
07/15/2011 11:26:42|19791209301288|1084
08/01/2011 05:03:42|19791209301317|801
07/30/2011 14:50:25|19791209301322|750
08/31/2011 13:42:12|19791209301377|1129
08/26/2011 20:59:31|19791209301378|205
07/16/2011 03:19:07|19791209301404|958
07/22/2011 09:24:02|19791209301431|549
08/28/2011 11:09:19|19791209301454|1180
07/15/2011 01:08:03|19791209301495|684
08/09/2011 14:28:40|19791209301511|1058
08/22/2011 09:02:37|19791209301531|279
08/26/2011 03:13:35|19791209301538|1380
07/23/2011 00:11:56|19791209301568|394
08/07/2011 15:26:45|19791209301580|217
08/09/2011 04:03:21|19791209301590|351
07/28/2011 09:34:13|19791209301603|1267
08/22/2011 14:54:41|19791209301666|1368
10/06/2011 01:23:31|21990232555526|411
10/17/2011 04:08:45|21990232555527|339
10/17/2011 16:11:07|21990232555631|380
09/09/2011 04:22:53|21990232555636|265
09/29/2011 19:19:54|21990232555639|443
10/19/2011 04:40:44|21990232555642|307
09/09/2011 21:21:05|21990232555711|796
10/24/2011 19:36:06|21990232555741|488
09/12/2011 00:01:30|21990232555748|1127
09/13/2011 20:56:48|21990232555781|866
10/09/2011 23:10:01|21990232555797|1105
09/16/2011 07:59:50|21990232555802|1197
10/16/2011 02:32:13|21990232555811|140
09/18/2011 16:03:21|21990232555820|241
10/26/2011 14:13:51|21990232555847|1247
10/12/2011 13:10:44|21990232555852|357
10/03/2011 01:29:48|21990232555855|1366
10/28/2011 14:04:45|21990232555880|280
10/13/2011 08:26:26|21990232555921|621
09/14/2011 16:54:45|21990232555934|289
10/23/2011 01:08:51|21990232556019|293
10/03/2011 08:42:56|21990232556030|1078
09/07/2011 04:24:49|21990232556032|478
10/26/2011 19:55:13|21990232556036|1202
10/30/2011 08:22:51|21990232556052|619
09/18/2011 02:40:31|21990232556059|998
10/12/2011 10:20:47|21990232556064|815
10/26/2011 08:08:13|21990232556073|919
10/29/2011 10:27:46|21990232556083|264
10/10/2011 05:30:25|21990232556107|385
09/21/2011 01:58:36|21990232556115|1079
10/18/2011 13:10:31|21990232556121|153
11/05/2011 01:24:09|21990232556130|1439
09/30/2011 03:59:36|21990232556140|740
10/28/2011 13:38:31|21990232556147|764
09/13/2011 02:41:59|21990232556159|1338
09/19/2011 15:33:24|21990232556170|290
10/10/2011 05:33:46|21990232556172|1299
09/21/2011 05:53:46|21990232556176|488
09/07/2011 05:02:25|21990232556183|216
10/01/2011 08:26:18|21990232556187|1368
10/29/2011 11:28:31|21990232556205|1312
09/13/2011 19:32:45|21990232556212|973
09/24/2011 13:45:52|21990232556230|1301
09/30/2011 05:11:50|21990232556235|209
10/27/2011 20:47:17|21990232556238|373
10/18/2011 03:57:46|21990232556240|463
10/16/2011 23:24:46|21990232556241|257
09/17/2011 19:38:15|21990232556251|1200
10/05/2011 07:28:34|21990232556266|1018
09/22/2011 16:19:14|21990232556269|1181
10/23/2011 16:19:26|21990232556290|160
09/30/2011 04:17:56|21990232556301|1348
10/11/2011 07:37:57|21990232556302|884
10/04/2011 15:03:21|21990232556317|436
10/06/2011 20:26:13|21990232556335|467
09/24/2011 22:49:29|21990232556360|750
09/07/2011 21:56:53|21990232556367|1424
10/13/2011 03:58:19|21990232556387|1358
10/19/2011 04:30:25|21990232556445|978
10/26/2011 01:55:12|21990232556466|139
10/22/2011 12:21:39|21990232556488|321
09/08/2011 11:22:15|21990232556493|1220
10/10/2011 19:14:04|21990232556511|330
10/14/2011 12:04:32|21990232556524|805
10/11/2011 09:56:59|21990232556531|770
11/03/2011 05:00:41|21990232556540|305
09/19/2011 03:58:14|21990232556558|310
10/11/2011 18:01:09|21990232556562|1080
09/26/2011 07:06:32|21990232556604|449
09/09/2011 19:07:44|21990232556610|742
10/16/2011 18:54:45|21990232556617|1062
10/28/2011 03:34:31|21990232556618|1071
09/26/2011 14:05:11|21990232556623|1410
09/22/2011 01:12:10|21990232556635|1001
09/30/2011 08:13:17|21990232556641|1058
09/10/2011 04:40:15|21990232556666|152
10/19/2011 10:43:39|21990232556711|632
11/01/2011 00:38:36|21990232556739|1140
10/05/2011 13:13:09|21990232556763|276
09/07/2011 10:20:27|21990232556792|1022
10/15/2011 02:35:40|21990232556820|470
10/13/2011 23:54:45|21990232556823|1216
10/17/2011 12:03:15|21990232556839|809
09/24/2011 20:42:01|21990232556850|1123
09/08/2011 02:01:13|21990232556856|519
10/19/2011 02:03:59|21990232556858|1152
10/26/2011 23:41:51|21990232556892|1449
09/30/2011 22:07:45|21990232556898|178
10/18/2011 14:56:25|21990232556972|410
09/11/2011 23:54:05|21990232556984|677
09/07/2011 23:18:51|21990232557010|910
10/26/2011 21:58:09|21990232557019|679
09/16/2011 00:33:01|21990232557020|921
10/21/2011 02:53:11|21990232557028|1060
10/09/2011 03:45:04|21990232557041|499
09/29/2011 01:13:27|21990232557043|1209
09/11/2011 03:47:11|21990232557053|897
10/08/2011 19:14:24|21990232557062|187
09/17/2011 16:59:06|21990232557074|410
10/17/2011 12:57:03|21990232557110|705
09/23/2011 21:25:15|21990232557140|303
09/23/2011 22:23:23|21990232557143|120
10/07/2011 06:19:36|21990232557153|839
11/02/2011 03:06:49|21990232557164|1029
10/21/2011 11:28:29|21990232557184|1342
12/29/2011 07:56:39|24189255811081|510
01/02/2012 01:21:20|24189255811104|737
01/05/2012 08:24:07|24189255811142|378
01/04/2012 10:50:12|24189255811148|1342
11/09/2011 01:53:51|24189255811154|1225
11/09/2011 02:53:00|24189255811168|405
11/30/2011 22:46:28|24189255811171|363
12/28/2011 01:43:39|24189255811175|1181
11/30/2011 20:08:48|24189255811178|556
12/14/2011 18:36:07|24189255811180|1242
12/28/2011 09:11:10|24189255811210|807
12/09/2011 08:10:22|24189255811232|826
12/12/2011 11:26:50|24189255811236|618
12/20/2011 12:37:14|24189255811282|445
11/29/2011 13:34:38|24189255811323|1223
11/15/2011 05:55:53|24189255811326|564
12/18/2011 04:02:09|24189255811361|1286
11/14/2011 22:21:52|24189255811364|957
11/20/2011 13:02:16|24189255811369|1010
12/23/2011 13:13:24|24189255811413|117
12/15/2011 17:06:40|24189255811415|397
11/30/2011 16:06:48|24189255811431|567
12/31/2011 19:06:57|24189255811433|919
12/07/2011 08:42:20|24189255811441|415
12/16/2011 06:00:34|24189255811512|1203
11/17/2011 04:54:07|24189255811539|720
11/14/2011 12:19:34|24189255811577|769
12/29/2011 08:44:39|24189255811622|1150
12/10/2011 17:41:10|24189255811643|1047
11/13/2011 00:30:53|24189255811649|1257
12/11/2011 20:41:32|24189255811684|148
11/27/2011 04:14:45|24189255811719|1119
11/24/2011 04:56:54|24189255811723|951
11/14/2011 13:12:40|24189255811738|772
11/09/2011 14:25:01|24189255811756|393
12/22/2011 13:45:06|24189255811765|902
12/09/2011 01:37:05|24189255811783|933
12/11/2011 09:37:44|24189255811785|1110
12/20/2011 10:06:42|24189255811789|185
01/04/2012 10:38:08|24189255811799|1295
12/20/2011 03:58:20|24189255811804|541
12/26/2011 12:11:09|24189255811875|186
11/28/2011 05:36:59|24189255811896|511
11/24/2011 04:26:16|24189255811905|1219
11/14/2011 03:57:44|24189255811914|163
11/19/2011 11:30:32|24189255811917|1085
01/04/2012 00:50:08|24189255811930|1156
11/16/2011 21:12:07|24189255811971|1446
11/26/2011 23:36:17|24189255811985|1192
12/27/2011 17:38:14|24189255811993|1374
01/01/2012 18:27:02|24189255811996|251
11/08/2011 10:40:00|24189255812004|590
11/13/2011 10:46:35|24189255812009|911
12/12/2011 00:43:25|24189255812036|275
01/07/2012 04:36:08|24189255812037|1074
12/25/2011 13:32:58|24189255812042|491
12/16/2011 12:48:13|24189255812066|192
11/10/2011 21:58:05|24189255812068|713
11/20/2011 07:46:51|24189255812078|218
01/05/2012 09:33:51|24189255812099|1082
11/22/2011 16:35:00|24189255812103|726
12/08/2011 11:10:23|24189255812134|546
11/18/2011 06:31:09|24189255812145|778
11/25/2011 07:42:16|24189255812158|570
12/20/2011 22:35:48|24189255812164|232
11/20/2011 11:50:39|24189255812167|599
11/22/2011 18:55:59|24189255812181|964
11/18/2011 21:49:14|24189255812205|627
11/13/2011 09:39:26|24189255812238|1427
11/14/2011 03:19:16|24189255812253|464
12/07/2011 10:54:52|24189255812262|323
11/27/2011 12:19:50|24189255812278|882
12/01/2011 17:09:18|24189255812301|883
12/22/2011 21:38:50|24189255812343|465
11/18/2011 02:03:12|24189255812361|825
11/08/2011 03:19:42|24189255812380|576
12/20/2011 04:34:57|24189255812389|446
11/26/2011 19:26:50|24189255812458|529
12/30/2011 16:42:09|24189255812468|269
12/29/2011 23:51:41|24189255812476|1265
12/24/2011 21:34:49|24189255812502|209
11/06/2011 23:53:00|24189255812506|1285
11/19/2011 07:05:23|24189255812511|237
12/11/2011 23:18:46|24189255812512|1229
11/30/2011 19:33:31|24189255812528|850
12/14/2011 21:21:10|24189255812540|515
11/26/2011 20:07:22|24189255812554|969
12/18/2011 19:30:13|24189255812556|250
12/09/2011 09:08:07|24189255812561|756
11/21/2011 03:44:55|24189255812574|805
12/16/2011 18:39:15|24189255812596|719
11/24/2011 17:34:21|24189255812612|448
12/14/2011 07:26:09|24189255812617|598
12/19/2011 17:51:03|24189255812623|263
12/22/2011 03:08:15|24189255812671|906
12/25/2011 05:05:37|24189255812674|622
12/07/2011 13:49:03|24189255812681|640
12/21/2011 15:36:40|24189255812685|1072
11/30/2011 11:24:26|24189255812719|563
11/21/2011 23:21:52|24189255812726|1109
12/09/2011 04:15:10|24189255812741|912
12/14/2011 15:42:30|24189255812761|325
12/26/2011 07:18:30|24189255812762|1232
01/10/2012 19:44:54|26388279066632|958
01/12/2012 23:55:02|26388279066641|1226
01/13/2012 23:46:22|26388279066650|125
01/15/2012 23:38:18|26388279066660|255
02/18/2012 18:25:36|26388279066708|1420
01/22/2012 08:14:20|26388279066734|880
02/04/2012 06:55:23|26388279066736|139
01/14/2012 10:38:43|26388279066771|203
03/03/2012 04:04:19|26388279066772|436
02/15/2012 05:34:31|26388279066773|1118
02/10/2012 10:54:27|26388279066795|190
02/24/2012 19:51:00|26388279066876|1328
02/24/2012 22:09:25|26388279066926|1312
02/03/2012 02:02:43|26388279066936|398
02/25/2012 03:21:00|26388279066944|898
01/14/2012 13:39:25|26388279067001|1386
03/02/2012 12:41:56|26388279067003|423
01/24/2012 14:22:22|26388279067019|582
01/19/2012 07:15:50|26388279067029|484
01/20/2012 19:24:47|26388279067078|596
02/01/2012 20:35:13|26388279067104|804
02/10/2012 16:55:39|26388279067108|1052
01/18/2012 05:28:42|26388279067176|803
03/02/2012 00:14:47|26388279067202|399
01/17/2012 19:40:01|26388279067204|1398
02/17/2012 02:38:20|26388279067210|1440
02/11/2012 18:07:33|26388279067232|1118
01/16/2012 10:03:54|26388279067240|761
03/02/2012 23:43:28|26388279067248|269
02/29/2012 12:45:52|26388279067293|1215
03/06/2012 07:18:10|26388279067321|516
03/07/2012 09:37:46|26388279067332|1370
02/16/2012 20:58:31|26388279067353|1093
01/07/2012 11:44:11|26388279067357|536
01/31/2012 15:51:25|26388279067382|180
03/05/2012 23:23:36|26388279067426|845
03/08/2012 06:52:46|26388279067437|765
01/28/2012 22:18:37|26388279067467|442
02/23/2012 10:43:57|26388279067480|273
01/16/2012 17:47:34|26388279067496|1123
01/11/2012 14:36:26|26388279067521|343
02/03/2012 16:36:53|26388279067552|259
01/31/2012 12:02:09|26388279067553|1065
01/19/2012 18:44:39|26388279067554|1310
02/14/2012 13:40:17|26388279067562|190
02/29/2012 22:53:10|26388279067637|394
01/11/2012 00:08:47|26388279067660|706
02/25/2012 07:43:29|26388279067663|242
02/09/2012 16:16:16|26388279067664|1020
02/10/2012 21:19:46|26388279067684|615
01/10/2012 17:19:42|26388279067685|487
01/09/2012 04:58:20|26388279067726|1053
03/05/2012 18:41:56|26388279067742|254
03/05/2012 17:30:17|26388279067748|656
02/15/2012 18:56:13|26388279067761|1151
02/14/2012 09:41:03|26388279067773|1064
03/04/2012 09:23:01|26388279067781|209
02/22/2012 03:47:12|26388279067850|1446
02/29/2012 23:12:56|26388279067874|1199
01/31/2012 17:21:51|26388279067881|1442
02/20/2012 23:53:20|26388279067920|765
01/16/2012 04:55:36|26388279067933|858
01/11/2012 04:06:48|26388279067987|839
01/29/2012 02:21:15|26388279067991|651
02/18/2012 09:00:51|26388279067997|1422
01/16/2012 15:39:10|26388279068003|979
02/24/2012 02:02:10|26388279068038|1008
03/01/2012 03:31:39|26388279068047|612
01/07/2012 19:20:09|26388279068086|976
02/10/2012 22:08:48|26388279068153|1199
01/08/2012 21:43:08|26388279068163|1065
01/19/2012 06:31:41|26388279068176|466
02/11/2012 11:59:55|26388279068184|237
03/05/2012 21:05:03|26388279068185|204
01/23/2012 19:13:10|26388279068195|572
02/12/2012 18:06:06|26388279068209|486
03/01/2012 02:48:14|26388279068211|1452
03/06/2012 12:03:57|26388279068219|281
02/06/2012 06:06:03|26388279068245|645
02/28/2012 07:37:29|26388279068275|1045
02/22/2012 19:53:51|26388279068302|310
02/12/2012 09:32:20|26388279068310|1146
01/29/2012 03:56:22|26388279068318|1072
03/30/2012 10:11:12|28587302322180|554
03/19/2012 21:30:34|28587302322191|426
03/13/2012 15:16:08|28587302322196|531
03/17/2012 04:45:49|28587302322210|972
04/03/2012 23:48:20|28587302322216|588
03/22/2012 07:44:22|28587302322225|144
03/08/2012 23:01:53|28587302322227|1178
04/15/2012 06:57:13|28587302322266|934
04/04/2012 01:29:55|28587302322290|930
04/04/2012 14:44:11|28587302322293|1005
03/16/2012 02:49:47|28587302322297|1416
04/03/2012 00:14:45|28587302322307|695
03/14/2012 10:04:58|28587302322311|164
03/31/2012 01:21:52|28587302322395|624
03/25/2012 21:14:10|28587302322396|1129
04/24/2012 04:41:53|28587302322398|777
05/02/2012 15:55:03|28587302322401|1278
03/23/2012 18:48:52|28587302322403|445
04/08/2012 00:38:02|28587302322456|419
04/27/2012 10:22:56|28587302322464|1160
04/29/2012 19:30:39|28587302322483|1199
04/22/2012 11:59:51|28587302322491|1229
03/29/2012 14:00:11|28587302322495|1248
03/29/2012 15:54:17|28587302322516|307
05/03/2012 20:29:31|28587302322534|1056
03/24/2012 18:00:52|28587302322538|1165
04/09/2012 07:53:48|28587302322542|1438
04/23/2012 20:03:09|28587302322552|239
05/04/2012 12:14:57|28587302322562|522
04/19/2012 05:29:01|28587302322594|187
04/09/2012 04:04:11|28587302322603|136
05/06/2012 18:39:01|28587302322645|934
04/23/2012 16:29:11|28587302322664|743
03/26/2012 12:52:27|28587302322668|495
03/14/2012 09:03:24|28587302322673|123
04/10/2012 11:08:14|28587302322697|1163
04/21/2012 19:19:25|28587302322698|240
04/16/2012 17:04:48|28587302322713|1189
04/07/2012 20:24:57|28587302322718|1128
03/12/2012 17:49:38|28587302322758|796
05/01/2012 20:52:09|28587302322760|837
04/19/2012 07:45:29|28587302322766|954
04/26/2012 13:33:42|28587302322767|1011
03/30/2012 08:48:45|28587302322797|944
03/24/2012 22:07:58|28587302322805|139
04/09/2012 04:53:56|28587302322808|507
04/15/2012 07:13:47|28587302322810|1063
04/25/2012 20:15:38|28587302322838|1123
04/02/2012 11:45:54|28587302322840|1195
04/19/2012 02:54:43|28587302322848|1253
04/03/2012 18:12:30|28587302322876|1452
03/16/2012 05:20:06|28587302322879|336
03/12/2012 12:28:39|28587302322885|795
05/03/2012 16:45:11|28587302322904|134
03/22/2012 14:44:41|28587302322920|976
03/25/2012 21:33:33|28587302322921|165
04/05/2012 15:07:52|28587302322947|347
05/01/2012 03:02:07|28587302323003|512
04/08/2012 18:30:29|28587302323051|270
04/02/2012 00:23:19|28587302323071|392
04/03/2012 13:29:54|28587302323090|1295
03/29/2012 13:58:54|28587302323099|1178
04/01/2012 18:39:26|28587302323115|1267
04/22/2012 15:48:39|28587302323130|1130
04/07/2012 04:06:22|28587302323163|1266
04/26/2012 15:14:21|28587302323188|1309
04/20/2012 19:59:33|28587302323205|1425
05/01/2012 09:46:40|28587302323208|231
03/31/2012 22:09:41|28587302323209|315
03/23/2012 04:15:29|28587302323263|1109
04/08/2012 08:08:29|28587302323283|294
05/01/2012 10:53:27|28587302323308|306
04/22/2012 06:26:49|28587302323314|1273
03/12/2012 17:58:49|28587302323330|206
04/24/2012 17:23:42|28587302323340|1058
04/27/2012 20:49:59|28587302323346|317
04/23/2012 16:28:12|28587302323360|1347
03/27/2012 10:35:22|28587302323361|502
05/05/2012 06:28:25|28587302323378|432
04/08/2012 06:43:15|28587302323389|1174
04/29/2012 15:13:33|28587302323401|561
03/21/2012 03:41:54|28587302323416|1210
04/03/2012 13:56:59|28587302323487|1273
05/02/2012 00:50:51|28587302323510|485
03/31/2012 21:35:42|28587302323537|353
03/09/2012 18:59:56|28587302323545|620
03/14/2012 21:13:32|28587302323557|528
04/23/2012 21:41:29|28587302323559|386
03/15/2012 18:01:40|28587302323565|454
03/30/2012 03:16:36|28587302323583|1452
03/31/2012 21:33:22|28587302323609|1297
05/04/2012 17:53:08|28587302323633|365
04/15/2012 12:15:08|28587302323659|1126
03/12/2012 23:25:39|28587302323691|1152
05/07/2012 21:51:50|28587302323720|338
04/09/2012 23:05:53|28587302323738|625
04/07/2012 04:27:53|28587302323752|393
05/01/2012 04:28:45|28587302323795|958
03/20/2012 05:32:35|28587302323802|1185
03/18/2012 22:13:58|28587302323807|819
04/19/2012 18:42:59|28587302323848|513
07/03/2012 00:55:16|30786325577731|866
06/26/2012 12:37:35|30786325577740|1073
05/19/2012 23:01:26|30786325577790|1119
05/15/2012 05:55:29|30786325577795|801
06/16/2012 10:16:57|30786325577809|729
06/09/2012 18:38:26|30786325577811|853
06/15/2012 11:40:07|30786325577896|1162
05/31/2012 18:42:15|30786325577906|1215
06/29/2012 04:30:30|30786325577918|958
05/28/2012 01:48:01|30786325577944|801
06/30/2012 06:05:02|30786325577988|949
06/11/2012 00:31:09|30786325577990|960
05/12/2012 06:08:09|30786325577994|1364
06/25/2012 19:29:03|30786325578002|746
06/19/2012 13:43:49|30786325578006|617
06/24/2012 15:20:10|30786325578070|1344
07/04/2012 06:15:35|30786325578073|1082
06/02/2012 07:14:11|30786325578096|1304
06/05/2012 00:56:36|30786325578098|308
05/24/2012 06:53:13|30786325578101|1064
06/23/2012 00:21:45|30786325578120|158
06/04/2012 11:52:11|30786325578144|1221
06/19/2012 22:28:04|30786325578177|821
05/28/2012 06:54:04|30786325578185|844
06/25/2012 08:11:41|30786325578190|959
05/24/2012 22:14:28|30786325578202|118
05/20/2012 22:53:57|30786325578241|1122
06/11/2012 04:44:40|30786325578253|1266
06/26/2012 14:13:12|30786325578279|876
06/14/2012 23:19:41|30786325578297|1273
05/28/2012 06:13:36|30786325578300|706
06/26/2012 11:42:07|30786325578333|1248
05/22/2012 11:23:28|30786325578339|1286
06/02/2012 23:21:19|30786325578354|709
05/18/2012 22:08:00|30786325578364|347
06/15/2012 11:47:31|30786325578366|844
06/05/2012 18:24:39|30786325578369|1278
05/12/2012 03:50:52|30786325578370|599
06/22/2012 16:28:33|30786325578377|575
05/12/2012 07:32:58|30786325578432|787
07/02/2012 19:49:37|30786325578526|471
07/01/2012 16:14:46|30786325578527|479
06/01/2012 05:05:32|30786325578528|846
06/05/2012 00:28:14|30786325578533|198
06/11/2012 08:21:13|30786325578557|1374
06/23/2012 05:27:38|30786325578576|596
07/04/2012 06:24:29|30786325578598|1142
06/24/2012 06:20:16|30786325578606|1292
05/10/2012 03:17:36|30786325578612|362
05/29/2012 02:26:14|30786325578614|358
07/07/2012 14:29:46|30786325578643|765
06/20/2012 16:09:56|30786325578671|1307
06/05/2012 02:19:04|30786325578689|1307
05/17/2012 03:19:48|30786325578699|338
06/18/2012 00:34:12|30786325578706|1039
06/21/2012 00:24:57|30786325578717|378
06/08/2012 16:09:56|30786325578726|1051
06/19/2012 07:55:29|30786325578736|170
06/10/2012 09:14:46|30786325578744|1104
06/26/2012 16:32:02|30786325578777|615
06/25/2012 14:08:35|30786325578797|1307
05/25/2012 04:19:53|30786325578829|275
05/25/2012 13:12:36|30786325578851|917
06/08/2012 20:08:09|30786325578859|282
06/01/2012 16:02:56|30786325578867|1343
06/23/2012 20:13:32|30786325578881|1142
05/24/2012 22:53:24|30786325578905|1069
05/20/2012 19:35:03|30786325578929|178
05/16/2012 00:22:14|30786325578931|1136
05/27/2012 15:22:03|30786325578933|314
05/28/2012 14:35:11|30786325578944|645
06/06/2012 16:07:04|30786325578948|569
05/24/2012 16:15:21|30786325578959|1093
06/05/2012 10:43:04|30786325578961|1102
05/18/2012 23:07:20|30786325578980|449
05/25/2012 20:52:45|30786325578981|599
06/11/2012 10:20:52|30786325578988|1327
05/19/2012 15:01:43|30786325579018|1284
06/05/2012 23:31:48|30786325579035|1152
06/24/2012 09:17:09|30786325579070|1141
06/11/2012 15:16:22|30786325579118|679
05/25/2012 16:29:52|30786325579123|408
05/31/2012 20:19:56|30786325579147|540
05/27/2012 12:31:04|30786325579152|1274
07/05/2012 08:17:23|30786325579172|845
06/17/2012 13:52:01|30786325579189|1299
06/19/2012 16:40:58|30786325579197|638
06/17/2012 03:33:12|30786325579198|450
07/07/2012 09:17:40|30786325579199|141
05/28/2012 14:44:04|30786325579221|502
06/10/2012 08:03:10|30786325579231|1111
05/11/2012 10:05:37|30786325579234|795
06/12/2012 05:24:14|30786325579248|1061
05/27/2012 05:01:47|30786325579250|708
07/06/2012 06:16:29|30786325579256|219
06/26/2012 15:24:30|30786325579294|185
07/08/2012 01:20:17|30786325579297|213
05/12/2012 16:44:28|30786325579386|1439
06/03/2012 10:59:24|30786325579404|409
05/15/2012 09:22:35|30786325579405|1064
09/05/2012 01:03:26|32985348833291|350
08/09/2012 16:46:38|32985348833353|442
08/11/2012 11:50:56|32985348833359|1292
07/24/2012 00:45:24|32985348833375|968
09/03/2012 06:01:39|32985348833410|714
08/14/2012 15:55:13|32985348833450|593
08/05/2012 14:57:30|32985348833455|425
09/02/2012 17:59:54|32985348833479|779
08/22/2012 20:40:15|32985348833481|1416
09/02/2012 01:55:08|32985348833483|335
09/06/2012 22:58:26|32985348833485|426
07/09/2012 20:01:51|32985348833491|1140
09/05/2012 22:10:28|32985348833492|1414
08/29/2012 19:27:33|32985348833515|652
09/03/2012 11:55:49|32985348833517|383
07/12/2012 02:16:52|32985348833543|229
07/27/2012 14:24:34|32985348833556|1133
07/25/2012 08:39:48|32985348833559|924
08/31/2012 04:29:23|32985348833576|643
07/26/2012 10:57:41|32985348833578|1011
08/03/2012 21:58:08|32985348833584|270
08/29/2012 02:59:47|32985348833585|1262
07/14/2012 19:51:17|32985348833598|1204
08/05/2012 00:00:16|32985348833610|1178
08/30/2012 04:42:42|32985348833637|944
07/13/2012 21:17:20|32985348833673|782
08/14/2012 09:10:10|32985348833688|268
08/10/2012 10:42:19|32985348833719|1194
08/10/2012 00:04:15|32985348833732|411
08/11/2012 02:14:33|32985348833746|135
07/20/2012 16:44:18|32985348833781|1364
08/30/2012 19:29:04|32985348833804|1307
08/08/2012 22:39:32|32985348833838|1317
07/14/2012 02:25:38|32985348833847|949
08/22/2012 08:18:31|32985348833861|1066
09/07/2012 19:55:33|32985348833938|253
08/21/2012 15:15:30|32985348833950|589
09/07/2012 17:39:55|32985348833955|554
07/23/2012 07:38:37|32985348833966|1423
08/20/2012 03:41:53|32985348833999|979
09/04/2012 10:03:02|32985348834006|400
08/04/2012 08:32:36|32985348834010|167
07/21/2012 02:05:17|32985348834069|1220
08/02/2012 12:05:49|32985348834072|461
07/17/2012 03:27:54|32985348834096|340
08/08/2012 15:42:18|32985348834129|1091
07/12/2012 14:27:43|32985348834162|1163
08/03/2012 11:41:55|32985348834169|827
07/23/2012 11:17:49|32985348834181|579
07/15/2012 02:27:15|32985348834214|302
07/28/2012 15:27:32|32985348834242|422
07/21/2012 09:01:34|32985348834254|621
07/24/2012 14:02:01|32985348834257|1340
07/23/2012 15:57:04|32985348834264|1120
08/27/2012 01:03:28|32985348834275|325
09/03/2012 12:00:50|32985348834321|274
09/06/2012 21:29:48|32985348834350|672
07/14/2012 04:12:18|32985348834355|504
08/18/2012 23:24:37|32985348834358|257
08/21/2012 13:17:53|32985348834363|1194
08/14/2012 01:24:22|32985348834386|1129
08/17/2012 19:57:18|32985348834502|1194
08/11/2012 10:31:53|32985348834507|1097
08/22/2012 03:48:32|32985348834548|463
09/01/2012 12:17:49|32985348834561|367
08/15/2012 02:34:15|32985348834567|1244
09/08/2012 08:12:16|32985348834573|124
08/29/2012 18:26:33|32985348834574|659
09/01/2012 18:49:45|32985348834665|1211
09/08/2012 11:54:11|32985348834672|200
08/31/2012 14:16:17|32985348834680|273
07/23/2012 22:51:13|32985348834696|1074
07/29/2012 08:02:36|32985348834756|1277
07/11/2012 16:56:52|32985348834775|1082
07/12/2012 20:44:23|32985348834789|1226
08/24/2012 06:03:27|32985348834814|949
08/05/2012 10:48:37|32985348834826|573
07/13/2012 02:10:09|32985348834852|199
09/03/2012 01:14:14|32985348834871|1157
08/04/2012 18:47:25|32985348834886|1357
08/03/2012 11:19:42|32985348834914|953
07/18/2012 23:10:52|32985348834928|872
07/29/2012 01:30:30|32985348834955|211
07/28/2012 12:46:18|32985348834959|860
10/01/2012 22:01:51|35184372088834|642
11/03/2012 10:03:45|35184372088850|1332
11/04/2012 03:31:15|35184372088856|388
10/13/2012 01:00:50|35184372088910|1151
10/03/2012 05:33:33|35184372088917|423
10/01/2012 15:32:08|35184372088955|1275
10/14/2012 16:51:26|35184372088972|1422
10/25/2012 01:52:45|35184372088984|494
11/08/2012 18:56:37|35184372088985|1319
09/14/2012 18:57:33|35184372088997|126
10/05/2012 23:48:34|35184372089012|1435
10/21/2012 19:40:53|35184372089039|670
10/19/2012 18:37:15|35184372089050|883
09/21/2012 04:25:56|35184372089075|1404
09/15/2012 09:37:30|35184372089100|1182
10/15/2012 00:52:23|35184372089116|1425
10/15/2012 16:39:14|35184372089117|980
10/24/2012 11:51:20|35184372089126|221
10/10/2012 16:32:44|35184372089133|586
09/18/2012 08:31:17|35184372089170|661
10/14/2012 05:16:26|35184372089188|626
10/23/2012 08:09:14|35184372089257|1449
10/15/2012 14:14:29|35184372089264|684
10/06/2012 02:53:35|35184372089265|921
10/17/2012 17:27:31|35184372089270|1019
09/20/2012 21:21:17|35184372089275|1322
09/13/2012 05:37:10|35184372089300|1385
09/10/2012 11:13:46|35184372089332|883
09/13/2012 15:23:13|35184372089362|1120
09/13/2012 14:56:55|35184372089367|1110
10/06/2012 10:31:30|35184372089370|993
10/23/2012 21:33:41|35184372089373|669
09/18/2012 05:55:04|35184372089378|834
10/19/2012 03:10:40|35184372089406|985
10/04/2012 08:21:46|35184372089415|482
10/10/2012 01:23:11|35184372089426|1229
09/16/2012 15:20:17|35184372089429|438
10/16/2012 17:03:52|35184372089449|1365
10/10/2012 05:12:53|35184372089511|399
09/23/2012 14:06:10|35184372089586|252
09/18/2012 07:29:39|35184372089609|1447
10/26/2012 22:56:48|35184372089633|1110
09/17/2012 13:54:49|35184372089668|592
09/28/2012 09:57:06|35184372089685|155
09/18/2012 03:43:16|35184372089698|320
11/04/2012 18:27:36|35184372089719|1264
10/20/2012 05:34:38|35184372089722|662
11/01/2012 08:39:43|35184372089798|1087
10/27/2012 15:40:03|35184372089878|1421
11/01/2012 01:49:03|35184372089883|1167
10/19/2012 11:37:36|35184372089895|1062
10/05/2012 17:03:23|35184372089909|1256
09/17/2012 23:50:52|35184372089936|1049
10/19/2012 04:25:02|35184372089942|391
09/28/2012 22:42:54|35184372089973|164
09/22/2012 07:14:33|35184372090028|1440
10/28/2012 19:26:05|35184372090040|574
09/14/2012 09:35:39|35184372090046|655
10/28/2012 19:13:47|35184372090047|1282
09/29/2012 07:40:22|35184372090060|1104
09/25/2012 22:31:57|35184372090069|1303
09/28/2012 13:31:33|35184372090095|381
10/26/2012 04:56:48|35184372090106|1076
10/04/2012 23:01:54|35184372090110|866
09/24/2012 14:44:22|35184372090131|990
11/03/2012 15:24:25|35184372090136|552
10/31/2012 20:14:30|35184372090153|944
09/19/2012 10:44:19|35184372090158|516
10/29/2012 10:28:55|35184372090167|604
09/09/2012 04:50:09|35184372090190|626
09/23/2012 22:58:57|35184372090231|899
09/10/2012 22:06:40|35184372090274|459
10/01/2012 16:19:08|35184372090311|509
10/04/2012 17:41:44|35184372090317|1302
10/19/2012 17:31:24|35184372090346|822
11/06/2012 15:38:17|35184372090363|1189
09/24/2012 00:14:07|35184372090391|457
10/31/2012 14:17:45|35184372090400|1425
09/18/2012 02:42:52|35184372090415|1048
10/20/2012 10:19:44|35184372090424|653
09/22/2012 05:14:48|35184372090464|248
11/04/2012 12:46:55|35184372090473|162
09/20/2012 13:01:41|35184372090482|267
11/05/2012 09:56:15|35184372090485|780
10/18/2012 14:31:52|35184372090495|1443
09/30/2012 00:38:01|35184372090502|568
09/22/2012 19:35:08|35184372090503|941
11/03/2012 15:29:16|35184372090505|1249
09/18/2012 02:58:21|35184372090529|128
11/22/2012 22:15:25|37383395344394|632
11/24/2012 17:52:01|37383395344409|1177
11/26/2012 20:53:43|37383395344412|1363
11/10/2012 01:08:53|37383395344428|841
11/18/2012 19:22:12|37383395344486|1205
11/08/2012 23:30:14|37383395344541|492
11/23/2012 13:08:51|37383395344633|1222
11/17/2012 18:54:10|37383395344648|1364
11/13/2012 02:27:55|37383395344866|898
11/16/2012 09:04:48|37383395344903|269
11/11/2012 08:43:00|37383395344931|1289
11/11/2012 11:43:36|37383395344948|647
11/19/2012 09:40:26|37383395344998|1154
11/18/2012 10:05:42|37383395345096|946
11/16/2012 19:17:37|37383395345191|884
11/13/2012 13:02:25|37383395345239|685
11/14/2012 20:48:01|37383395345260|1140
11/12/2012 02:17:51|37383395345264|761
11/09/2012 10:36:37|37383395345374|477
11/21/2012 10:23:38|37383395345384|1305
11/13/2012 14:30:13|37383395345452|1011
11/23/2012 02:32:45|37383395345492|999
11/27/2012 11:29:27|37383395345501|1150
11/14/2012 12:23:17|37383395345524|723
11/10/2012 16:55:39|37383395345531|225
11/10/2012 15:25:41|37383395345556|854
11/13/2012 13:11:46|37383395345707|189
11/09/2012 12:56:42|37383395345741|1131
11/28/2012 23:17:43|37383395345811|1338
11/22/2012 09:21:12|37383395345882|411
11/09/2012 10:27:59|37383395345948|567
11/18/2012 08:29:50|37383395345991|672
11/16/2012 13:21:19|37383395346002|309
11/12/2012 01:42:21|37383395346041|1350
11/18/2012 07:46:02|37383395346064|947
