creationDate|PersonId|UniversityId|classYear
2010-01-03T15:10:31|14|4593|2004
2010-01-31T13:13:03|16|5809|2004
2010-01-19T13:51:10|27|5804|2007
2010-01-19T23:03:07|33|1596|2003
2010-01-20T07:32:07|42|1597|2002
2010-02-20T09:49:47|46|5038|2004
2010-01-05T12:12:37|66|3009|2002
2010-02-09T22:29:01|71|6150|2003
2010-01-01T00:46:06|181|2451|2003
2010-01-07T11:20:01|248|6306|2002
2010-01-30T14:23:23|325|2450|2000
2010-01-10T13:24:26|375|7892|2002
2010-01-17T21:30:24|394|1961|2006
2010-01-27T12:45:36|412|4592|2000
2010-02-24T01:32:19|417|2214|2006
2010-02-21T08:17:42|435|2214|2006
2010-01-24T20:32:11|448|2211|2003
2010-02-21T12:43:33|455|6168|2005
2010-02-25T05:10:38|460|2832|2008
2010-02-14T11:35:46|478|5981|2007
2010-02-12T08:04:25|483|1635|2009
2010-01-27T06:17:13|490|3008|2002
2010-02-13T19:20:48|555|2209|2001
2010-01-12T05:20:36|561|2210|2005
2010-01-19T06:03:03|599|5938|2000
2010-01-01T15:45:47|659|2470|2001
2010-02-26T00:33:04|673|6392|2004
2010-02-20T02:22:09|690|1971|2000
2010-01-26T01:07:05|699|6163|2005
2010-01-24T18:46:35|705|6540|2008
2010-01-06T20:28:01|756|5188|2009
2010-01-08T06:00:10|772|6172|2002
2010-02-04T13:58:27|773|6799|2005
2010-02-10T00:50:45|783|6476|2006
2010-02-02T22:43:41|786|2452|2005
2010-01-16T02:28:02|796|3014|2001
2010-01-09T00:05:21|808|3006|2006
2010-02-28T02:08:58|859|3006|2003
2010-02-11T11:29:34|881|6554|2005
2010-01-04T12:14:34|903|6798|2003
2010-03-03T02:35:31|910|1855|2010
2010-01-01T01:54:03|919|2524|2004
2010-02-16T21:41:06|933|2643|2008
2010-01-21T15:34:48|981|1959|2009
2010-01-30T01:23:07|983|5184|2002
2010-01-28T14:38:25|1009|5526|2004
2010-01-29T12:22:51|1037|2828|1998
2010-01-04T02:16:27|1065|5268|2000
2010-01-02T01:16:09|1096|4750|2006
2010-01-30T07:53:23|1130|3008|2007
2010-02-12T06:42:32|1171|2212|2004
2010-01-18T15:00:43|1180|5867|2008
2010-02-04T07:32:20|1204|1800|2003
2010-01-18T11:31:34|1223|6308|2002
2010-02-14T03:28:25|1230|6807|2001
2010-01-20T13:39:37|1246|2209|2007
2010-02-13T16:00:06|1251|5190|2006
2010-03-01T12:32:10|1270|5866|2006
2010-01-04T12:48:38|1286|5988|2002
2010-03-02T19:12:56|1295|6150|2004
2010-01-14T19:26:03|1305|6552|2001
2010-01-12T20:54:21|1331|5185|2006
2010-02-05T06:50:23|1344|1637|2006
2010-02-19T05:09:34|1355|1642|2007
2010-02-19T15:29:38|1364|5046|2008
2010-02-20T14:01:08|1374|6473|2003
2010-02-14T09:44:01|1382|1980|2002
2010-02-01T14:15:22|1403|4745|2008
2010-02-18T11:19:03|1412|3008|2010
2010-01-20T20:52:02|1425|2210|2005
2010-01-28T20:43:50|1428|7895|2009
2010-02-07T21:25:15|1435|6797|2004
2010-01-22T08:02:41|1443|4673|2004
2010-02-11T03:52:17|1448|7900|2005
2010-02-09T09:59:32|1467|3013|2005
2010-02-11T21:38:46|1494|2205|2004
2010-01-17T10:03:52|1505|2207|2001
2010-02-24T18:37:28|1555|4956|2002
2010-01-13T07:50:27|1582|1957|2004
2010-02-18T10:30:33|1605|3938|2007
2010-02-05T20:52:50|1608|2438|2010
2010-02-08T03:36:26|1628|4747|2009
2010-01-31T05:28:34|1646|3011|2003
2010-01-19T01:02:44|1649|6393|2001
2010-02-06T20:50:18|1661|5041|2005
2010-02-15T10:25:53|1681|2176|2006
2010-01-13T03:59:52|1682|5037|2006
2010-03-24T18:14:04|2199023255557|1953|2008
2010-04-18T01:27:21|2199023255573|5263|2007
2010-03-11T19:37:08|2199023255638|5046|2004
2010-04-28T04:16:08|2199023255641|3014|2005
2010-03-17T18:26:46|2199023255672|5188|2007
2010-03-19T09:26:49|2199023255686|5236|2006
2010-04-30T16:00:03|2199023255691|5164|2003
2010-04-28T03:05:54|2199023255694|3823|2002
2010-04-11T11:01:27|2199023255724|1855|1998
2010-03-30T11:54:07|2199023255767|5168|2007
2010-03-13T05:17:24|2199023255778|7896|2009
2010-03-25T00:31:44|2199023255782|7899|2001
2010-04-18T15:20:55|2199023255783|5266|2009
2010-04-01T23:23:59|2199023255790|6554|2004
2010-03-21T19:34:14|2199023255827|2210|2006
2010-04-11T10:00:08|2199023255851|2831|2009
2010-04-08T08:08:07|2199023255869|5236|2003
2010-04-17T07:16:53|2199023255905|2209|2008
2010-05-01T23:52:56|2199023255937|3498|1998
2010-04-20T09:26:18|2199023255949|1596|2005
2010-04-22T16:55:39|2199023255978|5607|2008
2010-03-28T18:32:31|2199023255994|6438|2007
2010-03-15T05:55:42|2199023256031|2176|2008
2010-03-21T17:01:57|2199023256048|6801|2002
2010-03-31T21:51:21|2199023256055|1955|2002
2010-03-12T15:59:54|2199023256183|6417|2004
2010-03-25T14:51:11|2199023256187|2284|2003
2010-03-19T22:00:30|2199023256198|3011|2008
2010-04-05T13:12:17|2199023256230|5526|2006
2010-03-31T23:42:56|2199023256287|4934|2009
2010-04-05T19:32:44|2199023256293|2208|2002
2010-04-30T07:21:46|2199023256294|1975|2009
2010-04-22T15:40:25|2199023256302|4665|2007
2010-04-03T04:52:48|2199023256303|2210|2007
2010-04-07T05:26:31|2199023256304|1816|2001
2010-04-25T15:49:34|2199023256313|3010|2002
2010-03-15T21:11:08|2199023256317|2206|2000
2010-03-31T23:44:35|2199023256383|3007|2007
2010-04-02T10:46:27|2199023256425|2674|2005
2010-03-10T12:13:02|2199023256440|3007|2001
2010-04-15T16:34:53|2199023256446|6620|2007
2010-04-03T00:08:45|2199023256458|4991|2000
2010-04-19T22:50:49|2199023256472|1608|2002
2010-04-19T07:30:16|2199023256479|3010|2003
2010-03-21T04:33:08|2199023256515|2454|2001
2010-03-04T15:00:34|2199023256532|5523|2009
2010-03-11T07:34:38|2199023256557|6803|2000
2010-05-02T11:15:54|2199023256562|2289|2007
2010-03-30T11:07:03|2199023256573|7928|2003
2010-04-11T13:00:23|2199023256576|3014|2010
2010-04-09T17:10:30|2199023256599|6798|2002
2010-03-13T05:20:36|2199023256608|2213|2002
2010-04-06T02:27:53|2199023256616|2360|2007
2010-04-03T00:42:39|2199023256657|6205|2009
2010-04-08T04:15:35|2199023256666|3012|2003
2010-03-21T20:09:23|2199023256697|3013|2009
2010-04-14T16:11:36|2199023256720|2206|2004
2010-03-27T18:21:51|2199023256752|5943|2007
2010-04-13T03:35:22|2199023256791|1577|2000
2010-04-27T04:53:03|2199023256810|2212|2005
2010-04-15T06:45:16|2199023256818|3008|2008
2010-05-02T22:41:54|2199023256835|3011|2003
2010-04-12T04:32:46|2199023256858|2209|2000
2010-03-09T00:54:20|2199023256904|3207|2000
2010-04-06T02:23:38|2199023256905|6002|2002
2010-03-27T07:55:56|2199023256914|3029|2009
2010-05-03T00:47:06|2199023256946|2207|2007
2010-04-04T11:51:19|2199023256965|1581|2009
2010-04-28T19:49:17|2199023256978|4668|2003
2010-04-30T12:20:54|2199023256981|1851|2003
2010-04-04T13:29:17|2199023256990|3014|2001
2010-05-03T02:34:44|2199023256999|6802|2006
2010-04-17T12:23:48|2199023257001|3008|2006
2010-03-20T12:17:17|2199023257003|2210|2008
2010-04-30T21:22:52|2199023257005|2210|2002
2010-03-19T12:39:12|2199023257024|3014|2005
2010-03-25T16:21:36|2199023257093|5272|2000
2010-03-22T00:04:22|2199023257100|5047|2001
2010-03-11T09:41:54|2199023257110|1813|2002
2010-03-22T01:23:46|2199023257140|3008|2010
2010-03-24T23:20:15|2199023257149|5265|2000
2010-04-12T05:32:46|2199023257181|3008|2009
2010-03-06T08:10:33|2199023257197|2206|2008
2010-03-31T11:44:45|2199023257247|5268|1999
2010-06-17T07:12:54|4398046511147|3014|2007
2010-05-23T10:03:28|4398046511151|6346|2003
2010-06-05T09:51:36|4398046511152|5189|2007
2010-06-13T23:01:21|4398046511158|3012|2005
2010-05-08T15:53:44|4398046511168|2387|2000
2010-05-10T08:03:59|4398046511169|4991|2007
2010-06-22T02:02:36|4398046511176|5866|2008
2010-05-29T23:42:58|4398046511181|2827|2007
2010-06-06T11:51:48|4398046511219|2210|2005
2010-06-08T04:06:31|4398046511230|5143|2007
2010-06-09T19:11:38|4398046511255|1583|2009
2010-05-12T06:09:35|4398046511273|3012|2011
2010-05-23T20:26:46|4398046511290|1810|2002
2010-05-22T18:03:59|4398046511302|5668|2009
2010-07-02T15:06:54|4398046511304|4151|2000
2010-05-07T07:17:33|4398046511348|7870|2000
2010-05-25T11:03:09|4398046511377|1599|1999
2010-05-15T11:40:42|4398046511453|1980|2003
2010-05-20T01:52:44|4398046511458|1639|2001
2010-05-13T08:33:29|4398046511549|4591|2003
2010-05-19T08:21:33|4398046511568|5497|2003
2010-05-04T09:32:39|4398046511577|6169|2009
2010-05-11T01:53:17|4398046511591|2830|2000
2010-06-10T07:34:29|4398046511595|1856|2008
2010-06-29T16:05:47|4398046511602|3865|2008
2010-05-13T19:20:49|4398046511608|3015|2002
2010-05-08T09:37:09|4398046511613|2175|2005
2010-05-09T20:28:39|4398046511652|6172|2002
2010-06-17T08:49:50|4398046511689|2271|2004
2010-06-07T08:06:36|4398046511727|3643|2004
2010-05-11T16:13:31|4398046511748|5526|2005
2010-06-24T07:54:27|4398046511867|1961|2006
2010-05-12T12:36:59|4398046511870|2359|2006
2010-05-19T13:16:43|4398046511926|5942|2006
2010-06-01T14:41:55|4398046511930|1854|2009
2010-05-26T11:05:36|4398046511934|3014|1999
2010-07-03T21:17:56|4398046511938|4519|2005
2010-06-18T19:37:27|4398046511989|2829|2001
2010-05-27T14:50:45|4398046512008|3123|2009
2010-06-09T16:59:48|4398046512057|5186|1999
2010-06-22T13:25:00|4398046512107|4998|2009
2010-05-11T00:33:50|4398046512126|2213|2006
2010-05-09T18:51:40|4398046512138|5038|2008
2010-05-12T11:38:40|4398046512139|5272|2006
2010-05-18T23:57:45|4398046512158|5873|2005
2010-06-16T20:53:47|4398046512162|1578|2002
2010-05-16T02:25:25|4398046512175|5945|2004
2010-05-06T02:18:16|4398046512195|1953|2004
2010-05-13T07:38:58|4398046512197|7892|1998
2010-05-15T11:48:18|4398046512233|2636|2004
2010-05-13T00:09:46|4398046512238|6432|2002
2010-05-18T04:02:37|4398046512247|1858|2003
2010-06-25T17:18:43|4398046512254|5044|2001
2010-05-04T13:09:48|4398046512269|4751|2001
2010-06-29T20:01:29|4398046512273|7897|2003
2010-06-13T22:28:57|4398046512286|4378|2000
2010-05-26T05:20:18|4398046512328|3015|2010
2010-06-24T06:51:20|4398046512336|6855|2004
2010-05-07T04:28:06|4398046512338|4239|2007
2010-06-29T06:39:04|4398046512345|2213|2000
2010-05-03T20:36:03|4398046512349|4948|2006
2010-05-06T11:10:31|4398046512359|4517|2005
2010-06-08T04:50:44|4398046512360|2206|2003
2010-05-13T12:52:10|4398046512371|2835|2003
2010-06-07T06:10:47|4398046512388|6489|2009
2010-05-16T09:01:47|4398046512392|6493|2007
2010-05-14T05:10:26|4398046512406|1980|2004
2010-06-01T07:16:46|4398046512422|5950|2005
2010-06-13T19:18:02|4398046512445|5271|2004
2010-05-05T10:16:53|4398046512447|6805|2007
2010-06-25T00:50:34|4398046512495|1972|2003
2010-06-24T12:49:24|4398046512502|2213|2000
2010-06-06T02:58:42|4398046512570|3008|2008
2010-05-12T17:41:47|4398046512582|2211|2008
2010-05-24T01:52:53|4398046512621|1980|2000
2010-06-01T16:00:22|4398046512629|5522|2005
2010-06-19T22:32:33|4398046512651|4751|2007
2010-06-22T11:28:46|4398046512669|4965|2003
2010-05-20T13:58:28|4398046512677|4982|2003
2010-05-31T18:50:44|4398046512700|2210|2007
2010-05-07T18:05:43|4398046512769|5529|2009
2010-05-13T12:10:37|4398046512770|5271|2005
2010-05-08T10:55:24|4398046512778|6391|2008
2010-08-12T11:46:56|6597069766697|3010|2008
2010-07-20T10:17:42|6597069766709|5268|2005
2010-07-19T16:04:54|6597069766712|2452|2005
2010-08-08T13:58:06|6597069766725|4762|2002
2010-08-22T10:03:31|6597069766769|3308|2004
2010-07-31T23:29:14|6597069766793|2180|1999
2010-07-21T01:12:13|6597069766802|4996|2007
2010-07-13T10:53:14|6597069766819|2535|2006
2010-08-24T09:41:38|6597069766835|2205|2001
2010-08-22T05:33:04|6597069766839|4746|2009
2010-08-05T04:05:09|6597069766895|7886|2003
2010-08-26T03:17:57|6597069766925|4518|2004
2010-07-14T01:09:39|6597069766942|5266|2000
2010-07-22T17:25:44|6597069766967|2691|2006
2010-08-10T10:23:27|6597069766972|7900|1999
2010-07-10T14:17:25|6597069766982|2407|2006
2010-07-26T06:03:13|6597069767006|5236|2008
2010-07-27T13:40:07|6597069767011|4956|2005
2010-07-21T00:17:59|6597069767047|2832|2005
2010-08-31T14:33:11|6597069767080|3010|2006
2010-07-14T16:52:35|6597069767085|5984|2005
2010-08-16T09:03:32|6597069767115|5169|2004
2010-07-08T20:50:06|6597069767176|5187|2002
2010-07-04T10:47:07|6597069767179|4590|2007
2010-07-21T07:57:31|6597069767182|2292|2007
2010-08-04T05:43:19|6597069767205|7893|2000
2010-07-29T12:53:18|6597069767221|1857|2001
2010-08-10T04:07:53|6597069767262|4670|2010
2010-07-21T05:50:16|6597069767337|2432|2005
2010-07-18T00:55:17|6597069767351|3007|2005
2010-08-06T06:19:27|6597069767362|3013|2009
2010-08-03T05:08:54|6597069767372|5494|2002
2010-08-30T20:12:04|6597069767381|6388|2009
2010-08-14T22:17:56|6597069767390|2249|2002
2010-07-27T15:24:17|6597069767446|2486|2009
2010-08-16T11:50:46|6597069767449|5942|1999
2010-07-28T16:07:13|6597069767462|5154|2008
2010-07-31T21:52:20|6597069767468|5947|2006
2010-08-01T01:38:40|6597069767484|1858|2002
2010-07-21T03:38:48|6597069767597|4516|2002
2010-08-17T04:52:33|6597069767598|5735|2009
2010-08-29T17:11:10|6597069767615|6197|2006
2010-08-23T19:29:34|6597069767638|1608|2002
2010-08-16T12:09:41|6597069767674|3012|2005
2010-08-25T23:50:06|6597069767675|2210|2000
2010-07-12T18:44:21|6597069767713|7877|2005
2010-08-23T01:21:27|6597069767723|4742|2003
2010-08-19T13:32:35|6597069767744|7901|2003
2010-07-28T06:20:41|6597069767767|5266|2007
2010-08-26T17:34:13|6597069767781|1580|2003
2010-07-08T09:58:51|6597069767816|7894|2003
2010-07-06T22:57:34|6597069767839|5182|2000
2010-07-12T04:14:44|6597069767849|5980|2003
2010-08-26T14:11:43|6597069767969|5529|2008
2010-08-15T19:40:38|6597069767971|5146|2004
2010-07-04T04:58:39|6597069768040|4991|2006
2010-08-31T13:36:05|6597069768067|1851|2004
2010-07-04T07:08:02|6597069768129|5042|2004
2010-07-24T08:22:44|6597069768144|3014|2005
2010-08-01T09:11:47|6597069768148|2387|2005
2010-08-06T22:04:49|6597069768167|2486|2004
2010-08-28T16:55:33|6597069768234|3006|2007
2010-08-13T08:51:04|6597069768249|2694|2003
2010-08-21T17:08:25|6597069768281|1597|2001
2010-08-22T23:43:15|6597069768352|2207|2005
2010-10-09T04:45:29|8796093022302|3015|1998
2010-09-29T20:39:56|8796093022362|5950|1999
2010-09-29T18:11:09|8796093022402|4991|2000
2010-09-25T10:40:15|8796093022442|5229|2006
2010-09-08T23:45:32|8796093022449|2827|2005
2010-11-01T09:06:49|8796093022491|2977|1999
2010-10-06T18:20:22|8796093022501|5984|2004
2010-10-08T04:36:04|8796093022532|1969|2005
2010-10-07T21:40:59|8796093022572|6164|2010
2010-10-17T00:49:04|8796093022579|3010|2004
2010-10-04T20:02:10|8796093022589|3010|1999
2010-10-10T12:29:18|8796093022606|1601|2000
2010-10-04T17:18:54|8796093022619|5238|2009
2010-10-02T21:27:56|8796093022629|7878|2003
2010-09-20T18:17:36|8796093022685|4743|2006
2010-10-22T04:48:03|8796093022697|4952|2005
2010-09-09T06:56:56|8796093022715|1596|2010
2010-10-30T02:38:15|8796093022726|2449|2004
2010-10-18T18:37:02|8796093022736|5046|2011
2010-09-28T21:01:41|8796093022784|1804|2000
2010-10-14T08:42:50|8796093022823|2208|2001
2010-09-14T19:35:36|8796093022884|5063|2010
2010-10-21T13:46:44|8796093022904|3011|2010
2010-09-03T15:01:00|8796093022910|5046|2005
2010-10-09T01:23:29|8796093022932|3006|2008
2010-10-25T12:05:27|8796093022945|3012|2008
2010-09-09T17:28:46|8796093022948|4517|2008
2010-09-28T09:38:13|8796093022967|1958|2006
2010-10-15T05:22:44|8796093022968|4516|2003
2010-10-11T14:27:23|8796093022976|1955|2007
2010-09-23T06:07:38|8796093022986|2487|2006
2010-10-13T17:24:11|8796093022996|7901|2010
2010-10-24T11:46:10|8796093023070|1813|2003
2010-10-09T06:29:20|8796093023077|4511|2002
2010-09-08T21:20:39|8796093023085|6796|2006
2010-10-19T08:07:29|8796093023087|2213|2002
2010-09-23T18:01:32|8796093023099|6493|2005
2010-10-07T11:53:23|8796093023117|2834|2007
2010-09-04T16:56:53|8796093023143|6483|2009
2010-10-24T02:09:46|8796093023183|1575|2000
2010-09-28T17:47:30|8796093023194|2644|2005
2010-10-11T07:42:27|8796093023282|2210|2008
2010-10-04T10:36:31|8796093023290|6557|2002
2010-09-11T03:44:09|8796093023321|5040|2004
2010-09-19T20:56:27|8796093023330|4746|2006
2010-09-12T21:30:35|8796093023364|1989|2006
2010-10-01T10:23:20|8796093023371|1959|2004
2010-09-08T20:50:05|8796093023402|4512|2001
2010-09-10T07:32:55|8796093023477|3008|2006
2010-09-25T04:52:34|8796093023500|1639|2009
2010-10-05T20:26:51|8796093023518|4845|2003
2010-09-30T08:19:08|8796093023536|2205|2002
2010-10-12T01:40:55|8796093023537|6540|2009
2010-09-09T17:35:55|8796093023573|1980|2009
2010-10-03T15:49:11|8796093023616|1602|2007
2010-10-13T13:08:20|8796093023653|2987|2000
2010-09-15T17:08:54|8796093023658|2205|2009
2010-10-10T13:52:59|8796093023740|1853|2002
2010-09-15T05:36:53|8796093023758|2943|2008
2010-10-04T21:41:25|8796093023782|2943|2007
2010-09-21T13:17:15|8796093023802|1957|1998
2010-09-06T13:08:10|8796093023809|6654|2003
2010-09-08T16:32:38|8796093023824|5264|2005
2010-11-03T05:35:52|8796093023835|2175|2007
2010-10-07T00:36:12|8796093023851|2944|2002
2010-10-19T00:37:10|8796093023864|6545|2002
2010-09-05T13:59:38|8796093023876|5235|2002
2010-10-27T11:49:33|8796093023891|1849|2002
2010-10-17T01:14:03|8796093023892|3011|2007
2010-10-23T03:57:57|8796093023895|5984|2004
2010-09-22T01:36:46|8796093023896|6487|2006
2010-11-13T15:50:09|10995116277761|2945|2004
2010-12-24T05:25:34|10995116277782|4742|2007
2010-11-21T16:16:26|10995116277783|6797|2008
2010-11-13T01:22:27|10995116277805|5236|2006
2011-01-01T05:30:08|10995116277819|3007|2001
2010-12-06T10:22:58|10995116277934|6173|2003
2010-12-31T09:26:24|10995116278006|1982|2006
2010-12-21T00:27:55|10995116278031|2834|2005
2010-12-06T21:51:47|10995116278066|2209|2001
2010-11-30T13:37:07|10995116278083|4991|2004
2010-12-09T05:20:50|10995116278091|2521|2006
2010-11-09T18:27:17|10995116278104|5986|2003
2010-11-14T09:57:19|10995116278132|5141|2006
2010-12-27T01:39:10|10995116278182|4748|2008
2010-12-18T04:30:29|10995116278204|2205|2006
2010-12-09T03:23:07|10995116278230|5937|2010
2010-12-24T18:17:53|10995116278235|5986|2004
2010-11-14T06:15:31|10995116278262|2173|2008
2010-12-12T00:54:32|10995116278274|6545|2000
2010-12-06T00:04:13|10995116278314|6171|2008
2010-12-19T13:28:36|10995116278322|1813|2006
2010-12-01T00:12:38|10995116278326|7951|2001
2010-12-24T20:50:56|10995116278328|6151|2005
2010-12-04T23:56:23|10995116278352|6541|2002
2010-11-21T06:20:11|10995116278358|7899|2003
2010-11-16T00:20:53|10995116278390|1852|2007
2010-11-06T07:50:28|10995116278397|4511|2009
2010-11-12T19:30:21|10995116278400|1633|2005
2010-11-04T21:15:41|10995116278408|4743|2011
2010-12-09T21:17:38|10995116278421|6149|2002
2010-11-16T15:32:42|10995116278434|6479|2000
2010-12-09T22:34:07|10995116278447|3006|2008
2010-11-20T00:59:00|10995116278449|6803|2008
2010-12-27T01:30:25|10995116278482|3017|2003
2010-12-15T08:19:19|10995116278498|7899|1999
2010-12-01T14:48:36|10995116278554|2211|2007
2010-11-16T04:55:15|10995116278578|2205|2002
2010-11-16T16:05:30|10995116278610|3007|2007
2011-01-01T17:45:14|10995116278611|3011|2004
2010-12-31T04:35:59|10995116278624|6623|2005
2010-11-19T00:29:39|10995116278634|6673|2004
2010-12-28T03:30:09|10995116278691|2206|2002
2010-11-30T15:31:52|10995116278710|6166|2010
2010-11-19T10:20:25|10995116278727|5522|2006
2010-11-24T16:33:39|10995116278729|7893|2000
2010-12-19T12:24:48|10995116278774|4516|2001
2010-12-22T03:14:04|10995116278785|6624|2008
2010-12-19T12:44:04|10995116278803|2833|2004
2010-12-05T15:34:18|10995116278836|6798|2003
2010-12-30T23:57:05|10995116278859|2483|1999
2010-12-06T01:10:19|10995116278912|5983|2008
2010-11-17T06:42:45|10995116278952|4944|2008
2011-01-02T07:29:07|10995116278970|2209|1998
2010-12-07T04:56:39|10995116278995|6038|2010
2010-11-28T09:15:13|10995116278996|2214|2000
2010-12-31T20:41:17|10995116279002|6398|2007
2010-11-04T00:45:34|10995116279024|3014|2001
2010-12-27T18:32:15|10995116279035|6667|2010
2010-11-13T05:13:19|10995116279037|2212|2002
2010-12-14T03:43:50|10995116279045|3010|2002
2010-12-27T04:22:14|10995116279084|3013|2001
2010-11-28T13:57:16|10995116279093|7897|2004
2010-12-09T11:41:21|10995116279130|2205|2001
2010-12-03T06:35:41|10995116279153|4517|1998
2010-11-08T20:59:40|10995116279162|5948|1999
2010-12-13T01:59:51|10995116279182|5236|2005
2010-11-07T23:24:00|10995116279197|2831|1999
2010-12-04T14:00:14|10995116279201|5808|2004
2010-12-16T07:18:26|10995116279215|2381|1998
2010-12-11T19:24:19|10995116279270|3007|2001
2010-12-20T07:28:30|10995116279272|3007|2003
2010-11-30T10:30:13|10995116279335|4950|2002
2010-11-26T16:54:43|10995116279339|5523|2002
2010-12-23T03:42:44|10995116279358|4176|2008
2010-12-28T22:19:17|10995116279363|2205|2006
2010-12-29T08:46:47|10995116279364|6616|1999
2010-12-03T09:00:10|10995116279452|4595|2007
2011-02-28T08:13:29|13194139533343|2832|2000
2011-01-19T01:26:05|13194139533367|2439|2002
2011-03-02T17:04:21|13194139533372|2836|2010
2011-03-03T08:19:36|13194139533439|4747|2007
2011-02-27T10:00:17|13194139533448|5987|2000
2011-02-22T11:03:00|13194139533457|6801|2006
2011-03-04T22:28:31|13194139533467|6150|2009
2011-02-22T08:37:02|13194139533474|1599|2005
2011-01-20T00:50:11|13194139533488|4669|2003
2011-03-03T18:30:13|13194139533496|7900|2000
2011-02-25T05:17:41|13194139533501|2206|2006
2011-01-26T13:21:31|13194139533520|7945|2002
2011-01-20T00:02:57|13194139533545|6509|2002
2011-01-15T11:02:06|13194139533562|3012|2001
2011-02-21T06:25:09|13194139533577|6488|2000
2011-01-26T11:57:02|13194139533620|2835|2002
2011-01-27T08:09:38|13194139533641|6479|2002
2011-02-22T13:46:39|13194139533645|2942|2006
2011-01-30T02:46:04|13194139533664|3009|2005
2011-01-16T17:04:35|13194139533675|2523|2007
2011-01-28T17:06:37|13194139533712|2945|2011
2011-01-16T03:21:25|13194139533714|3013|2004
2011-02-25T21:50:40|13194139533721|3014|2009
2011-01-12T14:54:31|13194139533740|5523|2010
2011-01-24T12:42:59|13194139533753|2212|2005
2011-01-13T07:45:18|13194139533818|7892|2004
2011-03-02T04:35:11|13194139533839|1607|2003
2011-01-25T15:38:23|13194139533919|2212|2006
2011-02-11T18:03:25|13194139533931|2831|2002
2011-03-01T03:22:56|13194139533940|4529|2003
2011-03-01T03:44:55|13194139533965|1955|2000
2011-03-05T19:13:17|13194139533966|1636|2002
2011-01-20T09:14:45|13194139534003|4209|2010
2011-01-17T04:04:19|13194139534026|3007|2001
2011-01-24T01:09:31|13194139534051|5264|2009
2011-02-22T17:25:11|13194139534060|1971|1999
2011-02-08T03:30:35|13194139534129|6546|2005
2011-02-09T02:29:39|13194139534169|5267|2004
2011-01-30T01:19:47|13194139534173|2652|2004
2011-03-06T09:03:02|13194139534212|1641|2002
2011-02-07T13:48:11|13194139534219|2178|2005
2011-02-14T09:51:28|13194139534223|3008|2006
2011-02-15T19:41:04|13194139534224|1958|2003
2011-02-28T21:33:07|13194139534228|5455|2006
2011-02-18T18:34:29|13194139534238|2210|1999
2011-01-27T06:26:19|13194139534261|7896|2004
2011-03-05T08:05:57|13194139534284|5986|2005
2011-01-20T11:22:24|13194139534338|7894|2005
2011-01-05T18:10:03|13194139534340|2449|2000
2011-03-04T11:03:22|13194139534412|5266|2001
2011-01-20T04:49:44|13194139534424|4750|2004
2011-02-23T05:54:54|13194139534432|4515|2001
2011-02-07T11:45:11|13194139534447|5271|2006
2011-02-22T22:44:39|13194139534454|3006|2000
2011-01-20T02:30:46|13194139534456|5038|2007
2011-03-02T23:22:59|13194139534460|2440|2006
2011-01-31T17:21:02|13194139534474|4569|1999
2011-01-19T21:10:52|13194139534507|2432|2001
2011-01-13T07:57:53|13194139534524|2386|2002
2011-02-06T11:39:45|13194139534533|4172|2003
2011-01-20T17:57:05|13194139534574|2180|2002
2011-02-27T23:55:36|13194139534588|1984|2006
2011-01-09T23:16:24|13194139534610|5461|2002
2011-01-15T03:26:33|13194139534651|6490|2009
2011-02-04T14:53:17|13194139534658|5984|2009
2011-01-15T02:57:12|13194139534659|4518|2007
2011-01-15T07:57:05|13194139534663|6671|2004
2011-02-24T15:37:27|13194139534730|2181|2008
2011-01-26T22:00:03|13194139534777|2214|2006
2011-02-13T18:20:10|13194139534789|4991|2001
2011-01-13T02:34:44|13194139534792|2832|2004
2011-02-22T06:18:32|13194139534868|4596|2004
2011-02-26T14:08:32|13194139534879|1805|2000
2011-02-24T13:26:13|13194139534898|1854|2005
2011-02-27T19:19:25|13194139534923|6801|2008
2011-01-15T12:47:02|13194139534926|4750|2001
2011-01-05T03:35:19|13194139534936|5805|2002
2011-01-09T23:05:39|13194139534949|4511|2007
2011-01-22T10:21:05|13194139534951|3013|2009
2011-02-01T09:27:32|13194139534967|3099|2005
2011-01-27T22:09:32|13194139535005|2989|2006
2011-03-12T15:40:42|15393162788877|6612|2008
2011-04-14T16:09:20|15393162788899|4929|2006
2011-03-28T19:13:05|15393162788944|5265|2002
2011-05-05T06:13:15|15393162788951|3011|1998
2011-04-15T19:48:04|15393162788952|2212|2001
2011-05-06T19:12:02|15393162788957|1605|2004
2011-03-14T08:01:25|15393162788962|3015|2007
2011-04-12T10:12:44|15393162789008|2213|2009
2011-05-01T17:12:52|15393162789023|6303|2007
2011-04-23T01:34:58|15393162789041|5040|2003
2011-04-29T15:02:16|15393162789051|4575|2008
2011-03-29T07:47:54|15393162789066|6202|2002
2011-03-07T07:37:07|15393162789088|3011|2001
2011-03-31T21:48:52|15393162789104|5270|2003
2011-03-19T12:57:41|15393162789106|3008|1999
2011-03-28T18:58:28|15393162789134|2528|1999
2011-04-22T01:41:15|15393162789145|2310|2000
2011-03-19T22:59:37|15393162789151|2554|2003
2011-03-14T12:31:09|15393162789178|5521|2004
2011-04-28T18:40:16|15393162789253|5043|2004
2011-03-10T10:56:27|15393162789263|6200|2010
2011-04-22T19:36:53|15393162789271|5522|2003
2011-03-20T01:59:19|15393162789277|6552|2003
2011-03-19T16:00:21|15393162789287|4946|2002
2011-03-23T11:13:52|15393162789322|1849|2010
2011-04-06T18:52:08|15393162789340|2213|2009
2011-03-10T16:17:52|15393162789357|6439|2003
2011-04-04T12:24:28|15393162789407|2454|2005
2011-04-09T14:11:47|15393162789420|2206|2005
2011-04-22T20:51:18|15393162789443|2210|1999
2011-04-15T01:26:07|15393162789464|2835|2005
2011-04-12T11:12:46|15393162789466|5523|2005
2011-03-31T01:22:31|15393162789532|2699|2006
2011-04-15T12:39:52|15393162789544|5523|2006
2011-04-24T01:30:03|15393162789587|5527|2001
2011-04-28T01:26:12|15393162789600|4991|2001
2011-03-11T21:02:21|15393162789607|2697|2003
2011-03-08T02:24:49|15393162789639|2205|2004
2011-03-06T19:22:50|15393162789684|6473|1999
2011-05-03T23:11:48|15393162789687|2178|2002
2011-03-13T11:19:57|15393162789718|2211|2007
2011-03-07T21:15:13|15393162789735|4746|1999
2011-04-07T06:53:10|15393162789762|2209|2006
2011-03-19T19:44:13|15393162789781|7952|2004
2011-04-14T00:46:35|15393162789808|2836|2000
2011-04-24T17:28:51|15393162789809|1855|2006
2011-03-22T13:06:56|15393162789811|5167|2007
2011-04-11T00:13:52|15393162789820|5496|2008
2011-04-20T16:46:13|15393162789824|5988|2007
2011-03-11T13:05:16|15393162789840|3013|2008
2011-04-03T00:45:25|15393162789912|2209|2005
2011-04-27T04:26:59|15393162789916|6150|2000
2011-04-13T16:24:30|15393162789919|2209|2000
2011-04-16T12:09:54|15393162789958|1800|2007
2011-03-09T13:12:51|15393162789990|2355|2006
2011-03-23T19:09:11|15393162790015|6801|2003
2011-04-04T21:30:54|15393162790022|2214|2008
2011-03-09T06:08:40|15393162790040|4669|2008
2011-03-11T05:34:49|15393162790053|4993|2008
2011-03-30T20:12:16|15393162790062|5168|2007
2011-04-09T04:15:11|15393162790071|2525|2000
2011-03-30T15:46:58|15393162790112|4511|2006
2011-04-15T10:17:24|15393162790123|4968|2005
2011-04-30T19:29:22|15393162790214|3011|2010
2011-04-22T11:25:08|15393162790235|6797|2001
2011-03-14T11:49:37|15393162790318|1597|2010
2011-03-26T12:03:31|15393162790322|2211|2003
2011-04-11T12:32:30|15393162790351|2646|2006
2011-03-31T17:22:19|15393162790355|5241|2009
2011-03-18T19:09:19|15393162790368|1577|2008
2011-04-01T04:49:07|15393162790380|5530|2002
2011-03-15T23:34:50|15393162790390|6622|2007
2011-03-13T22:46:15|15393162790399|4765|2008
2011-03-29T21:53:21|15393162790413|3013|2001
2011-04-10T15:25:30|15393162790417|5042|2007
2011-04-05T23:47:29|15393162790445|4518|2008
2011-04-05T00:29:44|15393162790474|2210|2006
2011-04-11T22:27:34|15393162790481|5542|2007
2011-04-30T18:26:12|15393162790502|2834|2001
2011-03-22T23:16:30|15393162790526|5985|2009
2011-06-18T21:35:07|17592186044455|5985|2003
2011-06-17T02:34:25|17592186044479|2830|2006
2011-06-23T03:37:10|17592186044513|3007|2001
2011-05-17T20:59:39|17592186044525|3007|2009
2011-06-08T17:50:47|17592186044534|2693|2000
2011-05-31T16:16:52|17592186044541|6164|2002
2011-05-24T08:35:55|17592186044566|5040|2004
2011-05-13T15:19:31|17592186044574|5268|2006
2011-05-11T06:27:16|17592186044609|2207|2007
2011-07-06T21:16:20|17592186044645|6302|2002
2011-05-14T12:39:42|17592186044648|4676|2001
2011-05-17T03:43:01|17592186044674|6045|2006
2011-06-23T19:13:26|17592186044706|5268|2005
2011-06-27T18:55:50|17592186044711|2981|2005
2011-06-16T22:56:33|17592186044729|5980|2001
2011-05-17T06:33:20|17592186044738|5265|2008
2011-05-07T19:37:10|17592186044744|6539|1999
2011-05-10T15:54:39|17592186044794|2830|2006
2011-06-11T01:15:39|17592186044798|1980|2003
2011-05-22T07:03:46|17592186044826|1857|2000
2011-06-17T11:10:22|17592186044835|2829|2003
2011-06-12T12:29:15|17592186044846|6800|2006
2011-07-05T05:54:58|17592186044850|6551|2004
2011-06-23T08:58:13|17592186044866|7916|2005
2011-06-19T19:12:34|17592186044881|2212|2002
2011-05-10T13:05:03|17592186044991|2214|2003
2011-06-02T09:49:11|17592186045004|7954|2002
2011-06-14T15:10:43|17592186045029|5039|2003
2011-05-20T21:28:56|17592186045041|5189|2003
2011-06-20T20:33:34|17592186045071|3007|2000
2011-06-29T04:38:33|17592186045169|5042|2005
2011-05-19T07:12:51|17592186045195|4517|2003
2011-06-27T17:58:07|17592186045196|4515|2000
2011-05-13T01:03:46|17592186045201|5171|2009
2011-07-06T13:32:50|17592186045203|2388|2006
2011-05-18T11:34:56|17592186045248|7731|2004
2011-05-10T03:37:23|17592186045284|3177|2001
2011-05-12T13:15:09|17592186045334|6475|2006
2011-06-02T20:36:46|17592186045356|6801|2003
2011-06-08T02:16:42|17592186045364|2453|2002
2011-06-11T23:20:47|17592186045371|6483|2005
2011-06-22T08:51:57|17592186045408|5271|2008
2011-06-25T01:39:38|17592186045488|7951|2007
2011-06-04T06:02:27|17592186045543|5264|2001
2011-05-10T17:29:29|17592186045577|2214|2010
2011-06-05T09:56:32|17592186045589|5983|2000
2011-05-08T21:10:12|17592186045591|5527|2003
2011-05-17T14:20:14|17592186045627|3043|2005
2011-05-12T02:09:01|17592186045670|2990|2010
2011-06-06T21:54:13|17592186045677|1852|2001
2011-06-05T01:41:59|17592186045681|4943|2005
2011-05-13T09:50:25|17592186045695|4516|2002
2011-06-01T07:56:10|17592186045707|1852|2001
2011-06-11T12:02:33|17592186045748|6666|2007
2011-06-08T22:23:50|17592186045804|6805|2000
2011-06-11T18:43:52|17592186045813|2209|2000
2011-06-01T08:35:22|17592186045848|3006|2003
2011-06-01T14:55:28|17592186045875|2205|2003
2011-06-01T02:20:02|17592186045876|3013|2008
2011-06-26T01:11:48|17592186045890|5865|2009
2011-06-12T18:43:04|17592186045913|6198|2007
2011-05-13T15:52:20|17592186045996|2207|2001
2011-06-23T08:23:25|17592186046068|6149|2000
2011-05-26T19:26:04|17592186046075|2828|2005
2011-06-09T05:25:55|17592186046107|4946|2000
2011-07-26T21:41:34|19791209299968|3011|2005
2011-08-04T04:47:58|19791209299987|7953|2005
2011-07-31T00:53:43|19791209300026|4998|2004
2011-08-24T21:32:34|19791209300060|6149|2006
2011-07-18T09:03:42|19791209300072|5523|2007
2011-07-11T01:16:44|19791209300141|2210|2008
2011-07-09T22:38:48|19791209300150|6557|2008
2011-09-03T07:19:48|19791209300156|2828|2007
2011-09-01T08:49:11|19791209300164|2990|2003
2011-08-18T02:58:17|19791209300177|2209|2007
2011-09-04T16:27:00|19791209300182|6485|2006
2011-08-12T05:20:57|19791209300223|2834|2005
2011-07-10T21:04:57|19791209300224|2697|2004
2011-07-11T01:49:19|19791209300225|6554|1999
2011-08-06T10:44:13|19791209300316|5527|2004
2011-08-27T01:58:00|19791209300319|4747|2005
2011-08-20T18:06:42|19791209300333|2213|2003
2011-07-07T21:33:40|19791209300358|5184|2006
2011-08-11T00:48:50|19791209300372|2830|2003
2011-07-30T10:25:25|19791209300374|1849|2001
2011-09-03T05:18:01|19791209300421|3726|2006
2011-08-01T19:44:37|19791209300424|3011|2010
2011-08-10T12:30:56|19791209300453|6558|2009
2011-08-02T20:33:01|19791209300501|5046|2006
2011-09-03T16:48:00|19791209300502|2941|2003
2011-08-17T03:57:08|19791209300504|6346|2006
2011-08-05T13:23:10|19791209300508|2207|2000
2011-07-30T12:22:04|19791209300541|6199|2008
2011-07-23T05:21:32|19791209300571|4749|2004
2011-08-20T05:37:38|19791209300601|2207|1998
2011-08-01T00:51:52|19791209300613|1643|2007
2011-08-08T06:47:05|19791209300650|3010|2002
2011-08-26T23:19:22|19791209300651|1853|2005
2011-08-25T02:12:55|19791209300656|5523|2009
2011-08-29T05:53:03|19791209300744|3015|2008
2011-07-15T05:27:20|19791209300752|6625|2008
2011-07-16T01:20:33|19791209300778|2213|2003
2011-09-06T11:46:22|19791209300782|2946|2003
2011-07-08T15:28:58|19791209300789|2207|2002
2011-07-21T05:51:14|19791209300814|3013|2005
2011-09-04T15:02:39|19791209300828|3007|2007
2011-08-30T21:35:33|19791209300925|1949|1999
2011-08-10T17:14:17|19791209300926|3014|2004
2011-08-30T15:10:14|19791209300953|3013|2009
2011-08-16T15:38:48|19791209300956|3015|2007
2011-07-11T15:19:54|19791209300985|2691|1999
2011-09-03T12:05:03|19791209301021|4750|2007
2011-07-09T17:33:22|19791209301047|5483|2002
2011-08-25T16:54:12|19791209301104|2832|2007
2011-08-03T03:12:25|19791209301186|5047|2007
2011-09-01T06:40:03|19791209301241|2210|2006
2011-07-31T00:02:26|19791209301265|2450|2004
2011-08-01T05:03:42|19791209301317|5529|2008
2011-07-30T14:50:25|19791209301322|5047|2006
2011-08-26T20:59:31|19791209301378|3006|2005
2011-07-16T03:19:07|19791209301404|1578|2004
2011-07-22T09:24:02|19791209301431|6163|2000
2011-08-28T11:09:19|19791209301454|4939|2008
2011-07-15T01:08:03|19791209301495|4743|2010
2011-08-09T14:28:40|19791209301511|2176|2004
2011-08-22T09:02:37|19791209301531|3013|2008
2011-08-26T03:13:35|19791209301538|6476|2008
2011-07-23T00:11:56|19791209301568|2210|2009
2011-08-07T15:26:45|19791209301580|3011|2001
2011-07-28T09:34:13|19791209301603|5496|2010
2011-08-22T14:54:41|19791209301666|6393|2006
2011-10-06T01:23:31|21990232555526|2209|2007
2011-10-17T04:08:45|21990232555527|2208|2005
2011-10-17T16:11:07|21990232555631|2205|2006
2011-09-09T04:22:53|21990232555636|3010|2005
2011-10-19T04:40:44|21990232555642|3008|2003
2011-09-09T21:21:05|21990232555711|5528|2002
2011-09-12T00:01:30|21990232555748|2649|2008
2011-09-13T20:56:48|21990232555781|5988|2005
2011-09-16T07:59:50|21990232555802|4991|2004
2011-10-16T02:32:13|21990232555811|3238|2006
2011-09-18T16:03:21|21990232555820|3007|2003
2011-10-26T14:13:51|21990232555847|5183|2003
2011-10-12T13:10:44|21990232555852|2214|2008
2011-10-03T01:29:48|21990232555855|6393|1998
2011-10-28T14:04:45|21990232555880|3012|1999
2011-10-13T08:26:26|21990232555921|2834|1999
2011-10-23T01:08:51|21990232556019|3007|2004
2011-10-03T08:42:56|21990232556030|2434|2002
2011-09-07T04:24:49|21990232556032|2206|2001
2011-10-26T19:55:13|21990232556036|4991|2000
2011-10-30T08:22:51|21990232556052|2829|2009
2011-09-18T02:40:31|21990232556059|1806|2002
2011-10-12T10:20:47|21990232556064|5596|2011
2011-10-29T10:27:46|21990232556083|3007|2000
2011-10-10T05:30:25|21990232556107|2213|2011
2011-10-18T13:10:31|21990232556121|3006|2001
2011-11-05T01:24:09|21990232556130|7941|2002
2011-09-30T03:59:36|21990232556140|5039|2006
2011-10-10T05:33:46|21990232556172|6439|2007
2011-09-21T05:53:46|21990232556176|2208|1999
2011-09-07T05:02:25|21990232556183|3007|2001
2011-10-01T08:26:18|21990232556187|6407|2003
2011-10-29T11:28:31|21990232556205|5947|2010
2011-09-13T19:32:45|21990232556212|1613|2002
2011-09-24T13:45:52|21990232556230|6441|2007
2011-09-30T05:11:50|21990232556235|3015|2008
2011-10-27T20:47:17|21990232556238|2211|2001
2011-10-18T03:57:46|21990232556240|2206|2008
2011-10-16T23:24:46|21990232556241|3010|1999
2011-09-17T19:38:15|21990232556251|4991|2007
2011-10-05T07:28:34|21990232556266|1961|2003
2011-09-22T16:19:14|21990232556269|4943|2006
2011-09-30T04:17:56|21990232556301|6309|2005
2011-10-11T07:37:57|21990232556302|6800|1998
2011-10-06T20:26:13|21990232556335|2213|2002
2011-09-24T22:49:29|21990232556360|5038|2002
2011-09-07T21:56:53|21990232556367|6668|2003
2011-10-13T03:58:19|21990232556387|6344|2007
2011-10-19T04:30:25|21990232556445|1605|1999
2011-10-22T12:21:39|21990232556488|2210|2006
2011-09-08T11:22:15|21990232556493|5143|2002
2011-10-10T19:14:04|21990232556511|2211|2009
2011-10-11T09:56:59|21990232556531|5267|2000
2011-11-03T05:00:41|21990232556540|3013|2007
2011-09-19T03:58:14|21990232556558|2206|2010
2011-10-11T18:01:09|21990232556562|2449|2010
2011-09-26T07:06:32|21990232556604|2213|2007
2011-10-16T18:54:45|21990232556617|2385|2000
2011-10-28T03:34:31|21990232556618|2436|2008
2011-09-22T01:12:10|21990232556635|1811|2003
2011-09-30T08:13:17|21990232556641|2203|2002
2011-10-19T10:43:39|21990232556711|2827|2004
2011-11-01T00:38:36|21990232556739|2946|2009
2011-10-05T13:13:09|21990232556763|3008|2004
2011-09-07T10:20:27|21990232556792|1990|2010
2011-10-15T02:35:40|21990232556820|2209|2008
2011-10-13T23:54:45|21990232556823|4996|2001
2011-09-24T20:42:01|21990232556850|2647|2005
2011-09-08T02:01:13|21990232556856|2638|2002
2011-10-19T02:03:59|21990232556858|2986|2002
2011-09-30T22:07:45|21990232556898|3012|2003
2011-10-18T14:56:25|21990232556972|2213|2002
2011-09-11T23:54:05|21990232556984|4743|2007
2011-09-07T23:18:51|21990232557010|6799|2003
2011-10-26T21:58:09|21990232557019|4749|2009
2011-10-21T02:53:11|21990232557028|2383|2005
2011-10-09T03:45:04|21990232557041|2207|2007
2011-09-29T01:13:27|21990232557043|4992|2005
2011-09-11T03:47:11|21990232557053|6799|2004
2011-10-08T19:14:24|21990232557062|3013|2008
2011-10-17T12:57:03|21990232557110|4751|2010
2011-09-23T21:25:15|21990232557140|3012|2005
2011-10-07T06:19:36|21990232557153|5985|2007
2011-11-02T03:06:49|21990232557164|1984|2007
2011-10-21T11:28:29|21990232557184|6197|2003
2012-01-02T01:21:20|24189255811104|5047|2000
2012-01-05T08:24:07|24189255811142|2205|2004
2012-01-04T10:50:12|24189255811148|6199|2009
2011-11-09T01:53:51|24189255811154|5147|2003
2011-11-09T02:53:00|24189255811168|2205|2001
2011-11-30T22:46:28|24189255811171|2206|1999
2011-12-28T01:43:39|24189255811175|4941|2009
2011-11-30T20:08:48|24189255811178|1850|2009
2011-12-14T18:36:07|24189255811180|5177|2003
2011-12-12T11:26:50|24189255811236|2833|2002
2011-12-20T12:37:14|24189255811282|2208|2006
2011-11-29T13:34:38|24189255811323|5146|2003
2011-11-15T05:55:53|24189255811326|1849|2005
2011-12-18T04:02:09|24189255811361|5806|2007
2011-12-23T13:13:24|24189255811413|3220|2005
2011-12-15T17:06:40|24189255811415|2212|2001
2011-11-30T16:06:48|24189255811431|1857|2003
2011-12-31T19:06:57|24189255811433|7895|2000
2011-12-16T06:00:34|24189255811512|4991|2006
2011-11-17T04:54:07|24189255811539|5044|2006
2011-11-14T12:19:34|24189255811577|5270|2001
2011-12-29T08:44:39|24189255811622|2986|2006
2011-12-10T17:41:10|24189255811643|1981|2008
2011-11-13T00:30:53|24189255811649|5235|2005
2011-12-11T20:41:32|24189255811684|3013|2006
2011-11-24T04:56:54|24189255811723|1577|2000
2011-11-14T13:12:40|24189255811738|5271|2001
2011-11-09T14:25:01|24189255811756|2207|2008
2011-12-22T13:45:06|24189255811765|6801|2008
2011-12-09T01:37:05|24189255811783|7899|2004
2012-01-04T10:38:08|24189255811799|5870|2007
2011-12-26T12:11:09|24189255811875|3009|2005
2011-11-28T05:36:59|24189255811896|1838|2003
2011-11-24T04:26:16|24189255811905|5141|2001
2011-11-19T11:30:32|24189255811917|2447|1998
2012-01-04T00:50:08|24189255811930|2990|2007
2011-11-16T21:12:07|24189255811971|7951|2010
2011-12-27T17:38:14|24189255811993|6475|2005
2012-01-01T18:27:02|24189255811996|3209|2009
2011-11-08T10:40:00|24189255812004|1850|2002
2011-12-12T00:43:25|24189255812036|3013|2002
2012-01-07T04:36:08|24189255812037|2441|2003
2011-12-25T13:32:58|24189255812042|2209|2003
2011-12-16T12:48:13|24189255812066|4143|1999
2011-11-10T21:58:05|24189255812068|4750|2002
2011-11-20T07:46:51|24189255812078|3012|2004
2012-01-05T09:33:51|24189255812099|2449|2006
2011-12-08T11:10:23|24189255812134|6138|2005
2011-11-18T06:31:09|24189255812145|5270|2007
2011-11-25T07:42:16|24189255812158|1854|2003
2011-12-20T22:35:48|24189255812164|3007|2001
2011-11-20T11:50:39|24189255812167|2835|2006
2011-11-18T21:49:14|24189255812205|2832|2008
2011-11-13T09:39:26|24189255812238|7874|2000
2011-11-14T03:19:16|24189255812253|2211|2009
2011-11-27T12:19:50|24189255812278|6803|2006
2011-12-01T17:09:18|24189255812301|6799|2003
2011-11-18T02:03:12|24189255812361|5529|2005
2011-11-08T03:19:42|24189255812380|1857|2009
2011-12-20T04:34:57|24189255812389|2206|2009
2011-11-26T19:26:50|24189255812458|4990|2004
2011-12-30T16:42:09|24189255812468|3006|2004
2011-12-29T23:51:41|24189255812476|5235|2006
2011-11-06T23:53:00|24189255812506|5819|2001
2011-11-19T07:05:23|24189255812511|3514|2007
2011-12-11T23:18:46|24189255812512|5154|2009
2011-11-30T19:33:31|24189255812528|5988|2010
2011-12-14T21:21:10|24189255812540|2431|1999
2011-11-26T20:07:22|24189255812554|1597|2002
2011-12-18T19:30:13|24189255812556|3009|2003
2011-12-09T09:08:07|24189255812561|5272|2000
2011-12-16T18:39:15|24189255812596|5039|2010
2011-11-24T17:34:21|24189255812612|2209|2002
2011-12-19T17:51:03|24189255812623|3014|2001
2011-12-22T03:08:15|24189255812671|6796|2006
2011-12-07T13:49:03|24189255812681|4515|2002
2011-12-21T15:36:40|24189255812685|2438|2003
2011-11-30T11:24:26|24189255812719|1853|2005
2011-11-21T23:21:52|24189255812726|2522|2009
2011-12-09T04:15:10|24189255812741|7898|2005
2011-12-14T15:42:30|24189255812761|2368|2004
2011-12-26T07:18:30|24189255812762|5156|2007
2012-01-10T19:44:54|26388279066632|1580|2005
2012-01-12T23:55:02|26388279066641|5142|2001
2012-01-13T23:46:22|26388279066650|3008|2005
2012-01-15T23:38:18|26388279066660|3008|2008
2012-02-18T18:25:36|26388279066708|6617|2002
2012-02-04T06:55:23|26388279066736|3012|2004
2012-01-14T10:38:43|26388279066771|3232|2003
2012-03-03T04:04:19|26388279066772|2206|2007
2012-02-15T05:34:31|26388279066773|2561|2000
2012-02-10T10:54:27|26388279066795|3012|2000
2012-02-24T22:09:25|26388279066926|5941|2007
2012-02-03T02:02:43|26388279066936|2211|2007
2012-02-25T03:21:00|26388279066944|6801|2008
2012-01-14T13:39:25|26388279067001|6493|2007
2012-03-02T12:41:56|26388279067003|2206|2005
2012-01-19T07:15:50|26388279067029|2206|2000
2012-01-20T19:24:47|26388279067078|2832|2004
2012-02-10T16:55:39|26388279067108|2178|2000
2012-01-18T05:28:42|26388279067176|5524|2003
2012-03-02T00:14:47|26388279067202|2214|2008
2012-01-17T19:40:01|26388279067204|6549|2002
2012-02-17T02:38:20|26388279067210|7947|2007
2012-02-11T18:07:33|26388279067232|2563|2006
2012-01-16T10:03:54|26388279067240|5267|2007
2012-03-02T23:43:28|26388279067248|3012|2000
2012-02-29T12:45:52|26388279067293|4998|2007
2012-03-06T07:18:10|26388279067321|2491|2002
2012-02-16T20:58:31|26388279067353|2483|2003
2012-01-07T11:44:11|26388279067357|5233|2001
2012-01-31T15:51:25|26388279067382|3014|2007
2012-03-05T23:23:36|26388279067426|5982|2007
2012-03-08T06:52:46|26388279067437|5458|2001
2012-01-28T22:18:37|26388279067467|6350|2008
2012-02-23T10:43:57|26388279067480|3008|2009
2012-01-16T17:47:34|26388279067496|2644|2008
2012-01-11T14:36:26|26388279067521|2211|2006
2012-02-03T16:36:53|26388279067552|3012|2002
2012-01-31T12:02:09|26388279067553|2383|2008
2012-01-19T18:44:39|26388279067554|5945|1999
2012-02-14T13:40:17|26388279067562|3006|2003
2012-02-29T22:53:10|26388279067637|2211|2007
2012-01-11T00:08:47|26388279067660|4743|2009
2012-02-09T16:16:16|26388279067664|1988|2005
2012-02-10T21:19:46|26388279067684|2834|2001
2012-01-10T17:19:42|26388279067685|2208|1998
2012-01-09T04:58:20|26388279067726|2178|2000
2012-03-05T18:41:56|26388279067742|3008|2007
2012-03-05T17:30:17|26388279067748|4519|2006
2012-02-15T18:56:13|26388279067761|2983|2008
2012-02-14T09:41:03|26388279067773|2385|2007
2012-03-04T09:23:01|26388279067781|3012|2002
2012-02-22T03:47:12|26388279067850|7951|2006
2012-02-29T23:12:56|26388279067874|4991|2000
2012-01-31T17:21:51|26388279067881|7942|2004
2012-02-20T23:53:20|26388279067920|5337|2004
2012-01-16T04:55:36|26388279067933|6014|2008
2012-01-11T04:06:48|26388279067987|5984|2000
2012-01-29T02:21:15|26388279067991|4518|2002
2012-02-18T09:00:51|26388279067997|6671|2005
2012-01-16T15:39:10|26388279068003|1610|2009
2012-02-10T22:08:48|26388279068153|4991|2007
2012-02-11T11:59:55|26388279068184|3014|1998
2012-03-05T21:05:03|26388279068185|3008|2006
2012-01-23T19:13:10|26388279068195|1849|2005
2012-03-06T12:03:57|26388279068219|3010|2003
2012-02-06T06:06:03|26388279068245|4517|2002
2012-02-28T07:37:29|26388279068275|1981|2008
2012-02-22T19:53:51|26388279068302|2205|2004
2012-03-30T10:11:12|28587302322180|7936|2005
2012-03-19T21:30:34|28587302322191|2208|1999
2012-03-13T15:16:08|28587302322196|5036|2007
2012-04-03T23:48:20|28587302322216|1856|2007
2012-03-22T07:44:22|28587302322225|3008|2001
2012-03-08T23:01:53|28587302322227|4940|2010
2012-04-04T01:29:55|28587302322290|7895|2008
2012-04-04T14:44:11|28587302322293|1815|2001
2012-03-16T02:49:47|28587302322297|6622|2004
2012-04-03T00:14:45|28587302322307|4747|2001
2012-03-14T10:04:58|28587302322311|3012|2001
2012-03-31T01:21:52|28587302322395|2832|2000
2012-03-25T21:14:10|28587302322396|2693|2005
2012-04-24T04:41:53|28587302322398|5267|2000
2012-03-23T18:48:52|28587302322403|2206|2002
2012-04-08T00:38:02|28587302322456|2205|2007
2012-04-29T19:30:39|28587302322483|4991|2004
2012-04-22T11:59:51|28587302322491|5157|2007
2012-03-29T14:00:11|28587302322495|5187|2007
2012-03-29T15:54:17|28587302322516|3012|2008
2012-05-03T20:29:31|28587302322534|2181|2001
2012-04-09T07:53:48|28587302322542|7943|2001
2012-04-23T20:03:09|28587302322552|3013|2004
2012-05-04T12:14:57|28587302322562|2979|2004
2012-04-19T05:29:01|28587302322594|3012|2000
2012-04-09T04:04:11|28587302322603|3013|2004
2012-05-06T18:39:01|28587302322645|7901|2005
2012-04-23T16:29:11|28587302322664|5046|1998
2012-03-26T12:52:27|28587302322668|2207|2009
2012-04-10T11:08:14|28587302322697|4589|2004
2012-04-21T19:19:25|28587302322698|3585|2002
2012-04-16T17:04:48|28587302322713|4954|2009
2012-03-12T17:49:38|28587302322758|5528|2002
2012-05-01T20:52:09|28587302322760|5988|2004
2012-04-19T07:45:29|28587302322766|1578|2003
2012-03-30T08:48:45|28587302322797|7893|2004
2012-03-24T22:07:58|28587302322805|3012|2002
2012-04-09T04:53:56|28587302322808|2298|2007
2012-04-15T07:13:47|28587302322810|2380|2005
2012-04-25T20:15:38|28587302322838|2649|2002
2012-04-02T11:45:54|28587302322840|4947|2009
2012-03-16T05:20:06|28587302322879|2209|2004
2012-03-12T12:28:39|28587302322885|5521|2010
2012-05-03T16:45:11|28587302322904|3014|2003
2012-03-22T14:44:41|28587302322920|1607|2008
2012-03-25T21:33:33|28587302322921|3006|2006
2012-04-05T15:07:52|28587302322947|2210|2008
2012-05-01T03:02:07|28587302323003|1839|2005
2012-04-03T13:29:54|28587302323090|5869|2007
2012-03-29T13:58:54|28587302323099|4946|2002
2012-04-01T18:39:26|28587302323115|5503|2009
2012-04-22T15:48:39|28587302323130|2693|2002
2012-04-07T04:06:22|28587302323163|5234|2005
2012-04-26T15:14:21|28587302323188|5947|2005
2012-04-20T19:59:33|28587302323205|6673|2009
2012-05-01T09:46:40|28587302323208|3221|2006
2012-03-31T22:09:41|28587302323209|2208|1998
2012-04-08T08:08:29|28587302323283|3010|2001
2012-05-01T10:53:27|28587302323308|3007|2007
2012-04-22T06:26:49|28587302323314|5501|2009
2012-03-12T17:58:49|28587302323330|3010|2005
2012-04-24T17:23:42|28587302323340|2180|2005
2012-04-27T20:49:59|28587302323346|2205|2009
2012-04-23T16:28:12|28587302323360|6308|2001
2012-05-05T06:28:25|28587302323378|2214|2001
2012-04-08T06:43:15|28587302323389|4674|2005
2012-04-29T15:13:33|28587302323401|1851|2007
2012-03-21T03:41:54|28587302323416|5001|2006
2012-03-31T21:35:42|28587302323537|2209|2002
2012-03-09T18:59:56|28587302323545|2829|2003
2012-04-23T21:41:29|28587302323559|2209|2003
2012-03-15T18:01:40|28587302323565|2209|2008
2012-03-30T03:16:36|28587302323583|7954|2008
2012-03-31T21:33:22|28587302323609|6433|2002
2012-05-04T17:53:08|28587302323633|2206|2001
2012-04-15T12:15:08|28587302323659|2647|2008
2012-03-12T23:25:39|28587302323691|2987|2008
2012-05-07T21:51:50|28587302323720|2211|2006
2012-04-07T04:27:53|28587302323752|2212|2007
2012-05-01T04:28:45|28587302323795|1581|2004
2012-03-20T05:32:35|28587302323802|4942|2003
2012-03-18T22:13:58|28587302323807|5525|2006
2012-04-19T18:42:59|28587302323848|1950|2010
2012-07-03T00:55:16|30786325577731|5986|2003
2012-06-26T12:37:35|30786325577740|2435|2008
2012-05-19T23:01:26|30786325577790|2645|2002
2012-05-15T05:55:29|30786325577795|5526|2005
2012-06-16T10:16:57|30786325577809|5042|2004
2012-06-15T11:40:07|30786325577896|4592|2000
2012-05-31T18:42:15|30786325577906|4994|2007
2012-06-29T04:30:30|30786325577918|1583|1998
2012-06-30T06:05:02|30786325577988|7899|2001
2012-05-12T06:08:09|30786325577994|6396|2009
2012-06-25T19:29:03|30786325578002|5047|2000
2012-06-19T13:43:49|30786325578006|2830|2011
2012-06-24T15:20:10|30786325578070|6323|2002
2012-07-04T06:15:35|30786325578073|2455|2003
2012-06-02T07:14:11|30786325578096|6435|2005
2012-06-05T00:56:36|30786325578098|3015|2006
2012-05-24T06:53:13|30786325578101|2386|2007
2012-06-23T00:21:45|30786325578120|3008|2001
2012-06-04T11:52:11|30786325578144|5148|2000
2012-06-19T22:28:04|30786325578177|5686|2001
2012-05-28T06:54:04|30786325578185|5986|2003
2012-06-25T08:11:41|30786325578190|1576|1999
2012-05-24T22:14:28|30786325578202|3010|2001
2012-05-20T22:53:57|30786325578241|2650|2007
2012-06-26T14:13:12|30786325578279|6801|2003
2012-05-28T06:13:36|30786325578300|4750|2008
2012-06-26T11:42:07|30786325578333|5188|2000
2012-05-22T11:23:28|30786325578339|5802|2008
2012-05-18T22:08:00|30786325578364|2209|1999
2012-05-12T03:50:52|30786325578370|2829|2003
2012-07-02T19:49:37|30786325578526|2207|2002
2012-06-01T05:05:32|30786325578528|5988|2001
2012-06-05T00:28:14|30786325578533|3014|2007
2012-06-11T08:21:13|30786325578557|6478|2002
2012-06-23T05:27:38|30786325578576|2827|2006
2012-07-04T06:24:29|30786325578598|2945|2006
2012-06-24T06:20:16|30786325578606|5864|2001
2012-05-10T03:17:36|30786325578612|2210|2010
2012-06-20T16:09:56|30786325578671|5944|2001
2012-06-05T02:19:04|30786325578689|5943|2008
2012-05-17T03:19:48|30786325578699|2213|2006
2012-06-21T00:24:57|30786325578717|2248|2007
2012-06-08T16:09:56|30786325578726|2178|2006
2012-06-19T07:55:29|30786325578736|3006|2011
2012-06-10T09:14:46|30786325578744|2527|2007
2012-06-26T16:32:02|30786325578777|2833|2008
2012-05-25T04:19:53|30786325578829|3009|2006
2012-06-08T20:08:09|30786325578859|3239|2007
2012-06-01T16:02:56|30786325578867|6306|2009
2012-06-23T20:13:32|30786325578881|2945|2002
2012-05-24T22:53:24|30786325578905|2382|2007
2012-05-20T19:35:03|30786325578929|3011|1998
2012-05-27T15:22:03|30786325578933|2356|2005
2012-05-28T14:35:11|30786325578944|4512|2002
2012-06-06T16:07:04|30786325578948|1857|2001
2012-05-24T16:15:21|30786325578959|2487|2003
2012-05-25T20:52:45|30786325578981|2834|2000
2012-06-11T10:20:52|30786325578988|6169|2006
2012-06-05T23:31:48|30786325579035|2982|1998
2012-06-24T09:17:09|30786325579070|2943|2002
2012-06-11T15:16:22|30786325579118|4750|2002
2012-05-25T16:29:52|30786325579123|2213|2003
2012-05-31T20:19:56|30786325579147|5487|2002
2012-07-05T08:17:23|30786325579172|5979|2008
2012-06-17T13:52:01|30786325579189|6433|2001
2012-06-19T16:40:58|30786325579197|4515|2009
2012-05-28T14:44:04|30786325579221|2211|2003
2012-06-10T08:03:10|30786325579231|2555|2004
2012-05-11T10:05:37|30786325579234|5521|2005
2012-06-12T05:24:14|30786325579248|2381|1998
2012-05-27T05:01:47|30786325579250|4751|2005
2012-07-06T06:16:29|30786325579256|3060|2006
2012-07-08T01:20:17|30786325579297|3434|2006
2012-06-03T10:59:24|30786325579404|2212|2008
2012-05-15T09:22:35|30786325579405|2385|2004
2012-09-05T01:03:26|32985348833291|2211|2001
2012-08-09T16:46:38|32985348833353|2206|2001
2012-08-11T11:50:56|32985348833359|5866|1998
2012-07-24T00:45:24|32985348833375|1600|2008
2012-08-05T14:57:30|32985348833455|2213|2008
2012-09-02T17:59:54|32985348833479|5265|2001
2012-08-22T20:40:15|32985348833481|6620|2001
2012-09-02T01:55:08|32985348833483|2207|2004
2012-09-06T22:58:26|32985348833485|2207|2009
2012-07-09T20:01:51|32985348833491|2944|2006
2012-09-05T22:10:28|32985348833492|6622|2001
2012-08-29T19:27:33|32985348833515|4524|2005
2012-09-03T11:55:49|32985348833517|2214|2005
2012-07-12T02:16:52|32985348833543|3013|2008
2012-07-27T14:24:34|32985348833556|2694|2008
2012-07-25T08:39:48|32985348833559|7900|2002
2012-08-31T04:29:23|32985348833576|4517|2009
2012-07-26T10:57:41|32985348833578|1953|1999
2012-08-03T21:58:08|32985348833584|3008|1999
2012-08-29T02:59:47|32985348833585|5236|2001
2012-08-05T00:00:16|32985348833610|4940|1999
2012-08-30T04:42:42|32985348833637|7893|2009
2012-07-13T21:17:20|32985348833673|5269|1999
2012-08-14T09:10:10|32985348833688|3006|2006
2012-08-10T10:42:19|32985348833719|4954|2001
2012-08-10T00:04:15|32985348833732|2207|2002
2012-08-11T02:14:33|32985348833746|3007|2003
2012-07-20T16:44:18|32985348833781|6416|2001
2012-08-30T19:29:04|32985348833804|5947|2001
2012-08-08T22:39:32|32985348833838|6148|2003
2012-07-14T02:25:38|32985348833847|7899|2009
2012-08-22T08:18:31|32985348833861|2389|2010
2012-09-07T19:55:33|32985348833938|3009|2007
2012-08-21T15:15:30|32985348833950|1855|2005
2012-07-23T07:38:37|32985348833966|6667|2004
2012-08-20T03:41:53|32985348833999|1612|2003
2012-09-04T10:03:02|32985348834006|2207|2009
2012-08-04T08:32:36|32985348834010|3007|2007
2012-08-02T12:05:49|32985348834072|2208|2010
2012-08-08T15:42:18|32985348834129|2490|2006
2012-07-12T14:27:43|32985348834162|4596|2006
2012-07-15T02:27:15|32985348834214|3006|2007
2012-07-28T15:27:32|32985348834242|2279|2010
2012-07-21T09:01:34|32985348834254|2835|2010
2012-07-24T14:02:01|32985348834257|6204|2000
2012-09-03T12:00:50|32985348834321|3015|2007
2012-09-06T21:29:48|32985348834350|4518|2003
2012-07-14T04:12:18|32985348834355|2211|2000
2012-08-21T13:17:53|32985348834363|4951|2009
2012-08-14T01:24:22|32985348834386|2692|2007
2012-08-17T19:57:18|32985348834502|4960|2003
2012-08-11T10:31:53|32985348834507|2486|2002
2012-09-01T12:17:49|32985348834561|2207|2005
2012-08-15T02:34:15|32985348834567|5171|2003
2012-08-29T18:26:33|32985348834574|4516|2006
2012-09-08T11:54:11|32985348834672|3007|2001
2012-08-31T14:16:17|32985348834680|3007|2003
2012-07-23T22:51:13|32985348834696|2438|2006
2012-07-29T08:02:36|32985348834756|5800|2008
2012-07-11T16:56:52|32985348834775|2478|2003
2012-07-12T20:44:23|32985348834789|5144|2007
2012-08-24T06:03:27|32985348834814|7898|2001
2012-07-13T02:10:09|32985348834852|3009|2002
2012-09-03T01:14:14|32985348834871|2987|2002
2012-08-04T18:47:25|32985348834886|6344|2008
2012-08-03T11:19:42|32985348834914|1582|2009
2012-07-18T23:10:52|32985348834928|6804|2008
2012-07-29T01:30:30|32985348834955|3011|2003
2012-07-28T12:46:18|32985348834959|5984|2003
2012-10-01T22:01:51|35184372088834|4519|2008
2012-11-03T10:03:45|35184372088850|6172|2000
2012-11-04T03:31:15|35184372088856|2208|2000
2012-10-13T01:00:50|35184372088910|2983|2006
2012-10-01T15:32:08|35184372088955|5503|2003
2012-10-14T16:51:26|35184372088972|6671|2008
2012-10-25T01:52:45|35184372088984|2211|2009
2012-11-08T18:56:37|35184372088985|6148|2001
2012-09-14T18:57:33|35184372088997|3011|2005
2012-10-05T23:48:34|35184372089012|7940|2003
2012-10-21T19:40:53|35184372089039|4520|2001
2012-09-21T04:25:56|35184372089075|6595|2001
2012-09-15T09:37:30|35184372089100|4946|2000
2012-10-24T11:51:20|35184372089126|3006|2002
2012-10-10T16:32:44|35184372089133|1857|2007
2012-09-18T08:31:17|35184372089170|4519|2005
2012-10-23T08:09:14|35184372089257|7951|2003
2012-10-06T02:53:35|35184372089265|7900|2004
2012-10-17T17:27:31|35184372089270|1953|2007
2012-09-20T21:21:17|35184372089275|6150|2004
2012-09-13T05:37:10|35184372089300|6487|2006
2012-09-13T15:23:13|35184372089362|2649|2004
2012-09-13T14:56:55|35184372089367|2554|2002
2012-10-06T10:31:30|35184372089370|1801|2003
2012-09-18T05:55:04|35184372089378|5982|2003
2012-10-19T03:10:40|35184372089406|1642|2005
2012-10-04T08:21:46|35184372089415|2209|2004
2012-10-10T01:23:11|35184372089426|5155|2005
2012-09-16T15:20:17|35184372089429|2205|2001
2012-10-16T17:03:52|35184372089449|6394|2006
2012-10-10T05:12:53|35184372089511|2212|2001
2012-09-23T14:06:10|35184372089586|3010|1998
2012-09-18T07:29:39|35184372089609|7954|2002
2012-10-26T22:56:48|35184372089633|2555|2001
2012-09-17T13:54:49|35184372089668|1850|2006
2012-09-28T09:57:06|35184372089685|3012|2005
2012-09-18T03:43:16|35184372089698|2212|2004
2012-11-04T18:27:36|35184372089719|5235|2005
2012-10-20T05:34:38|35184372089722|4519|2008
2012-11-01T08:39:43|35184372089798|2450|2010
2012-10-27T15:40:03|35184372089878|6617|2011
2012-11-01T01:49:03|35184372089883|4590|2001
2012-10-05T17:03:23|35184372089909|5188|2003
2012-09-17T23:50:52|35184372089936|1981|2009
2012-10-19T04:25:02|35184372089942|2206|2010
2012-09-28T22:42:54|35184372089973|3006|2003
2012-10-28T19:26:05|35184372090040|1857|2001
2012-09-14T09:35:39|35184372090046|4515|2000
2012-09-29T07:40:22|35184372090060|2527|2001
2012-09-25T22:31:57|35184372090069|6435|2005
2012-09-28T13:31:33|35184372090095|2213|2006
2012-10-26T04:56:48|35184372090106|2440|2010
2012-10-04T23:01:54|35184372090110|5984|2000
2012-09-24T14:44:22|35184372090131|1800|2006
2012-10-31T20:14:30|35184372090153|7900|2008
2012-09-19T10:44:19|35184372090158|2495|2005
2012-10-29T10:28:55|35184372090167|2832|2000
2012-09-09T04:50:09|35184372090190|2832|2002
2012-09-23T22:58:57|35184372090231|6797|2006
2012-09-10T22:06:40|35184372090274|2221|2002
2012-10-01T16:19:08|35184372090311|1769|2010
2012-10-04T17:41:44|35184372090317|6436|2005
2012-10-19T17:31:24|35184372090346|5528|2000
2012-11-06T15:38:17|35184372090363|4949|2001
2012-10-31T14:17:45|35184372090400|6675|2008
2012-10-20T10:19:44|35184372090424|4515|2010
2012-09-22T05:14:48|35184372090464|3013|2005
2012-11-04T12:46:55|35184372090473|3012|2004
2012-09-20T13:01:41|35184372090482|3014|2009
2012-11-05T09:56:15|35184372090485|5265|2004
2012-09-30T00:38:01|35184372090502|1858|2007
2012-11-03T15:29:16|35184372090505|5189|2003
2012-09-18T02:58:21|35184372090529|3015|2007
2012-11-22T22:15:25|37383395344394|2905|2008
2012-11-24T17:52:01|37383395344409|4673|2008
2012-11-18T19:22:12|37383395344486|4991|2005
2012-11-08T23:30:14|37383395344541|2212|2003
2012-11-23T13:08:51|37383395344633|5148|2003
2012-11-13T02:27:55|37383395344866|7755|2004
2012-11-16T09:04:48|37383395344903|3011|2006
2012-11-11T08:43:00|37383395344931|5865|2003
2012-11-11T11:43:36|37383395344948|4514|1999
2012-11-18T10:05:42|37383395345096|7901|2007
2012-11-16T19:17:37|37383395345191|6798|2004
2012-11-13T13:02:25|37383395345239|4845|2004
2012-11-14T20:48:01|37383395345260|2948|2006
2012-11-12T02:17:51|37383395345264|5263|2002
2012-11-09T10:36:37|37383395345374|2207|2002
2012-11-21T10:23:38|37383395345384|5949|2004
2012-11-13T14:30:13|37383395345452|1958|2001
2012-11-23T02:32:45|37383395345492|1806|2007
2012-11-27T11:29:27|37383395345501|2982|1998
2012-11-10T16:55:39|37383395345531|3066|2008
2012-11-10T15:25:41|37383395345556|5983|2007
2012-11-13T13:11:46|37383395345707|3008|2009
2012-11-28T23:17:43|37383395345811|6204|2001
2012-11-22T09:21:12|37383395345882|2206|1998
2012-11-09T10:27:59|37383395345948|1853|2005
2012-11-18T08:29:50|37383395345991|4511|2003
2012-11-16T13:21:19|37383395346002|3008|2005
2012-11-12T01:42:21|37383395346041|6309|2002
2012-11-18T07:46:02|37383395346064|7924|2002
